,number,value,datetime_start,datetime_complete,duration,params_activation,params_bottleneck_size,params_dropout_l1,params_dropout_l2,params_dropout_l3,params_dropout_l4,params_dropout_l5,params_lr,params_n_layers,params_optimizer,user_attrs_bottleneck,user_attrs_decoder_dropout1,user_attrs_decoder_dropout2,user_attrs_decoder_dropout3,user_attrs_decoder_dropout4,user_attrs_decoder_dropout5,user_attrs_decoder_final,user_attrs_decoder_layer1,user_attrs_decoder_layer2,user_attrs_decoder_layer3,user_attrs_decoder_layer4,user_attrs_decoder_layer5,user_attrs_encoder_dropout1,user_attrs_encoder_dropout2,user_attrs_encoder_dropout3,user_attrs_encoder_dropout4,user_attrs_encoder_dropout5,user_attrs_encoder_layer1,user_attrs_encoder_layer2,user_attrs_encoder_layer3,user_attrs_encoder_layer4,user_attrs_encoder_layer5,state
0,0,0.35745540261268616,2023-04-04 17:57:17.738590,2023-04-04 17:57:27.764789,0 days 00:00:10.026199,4,121,0.2602063496788528,0.06683740824040213,,,,0.0002298622698459788,2,Adam,"[48, 121]",0.2602063496788528,0.06683740824040213,,,,"[386, 193]","[121, 48]","[48, 386]",,,,0.2602063496788528,0.06683740824040213,,,,"[386, 48]","[193, 386]",,,,COMPLETE
1,1,0.716480553150177,2023-04-04 17:57:27.767087,2023-04-04 17:57:37.964101,0 days 00:00:10.197014,1,59,0.38269616690880354,0.04135272376772586,0.23802946349530507,,,0.0002248805043943191,3,Adagrad,"[48, 59]",0.38269616690880354,0.04135272376772586,0.23802946349530507,,,"[1302, 193]","[59, 48]","[48, 386]","[386, 1302]",,,0.38269616690880354,0.04135272376772586,0.23802946349530507,,,"[386, 48]","[1302, 386]","[193, 1302]",,,COMPLETE
2,2,147935.734375,2023-04-04 17:57:37.965039,2023-04-04 17:58:05.539428,0 days 00:00:27.574389,2,45,0.11280527027359494,0.35772042706224433,0.014645618359303059,0.27163364037490145,,0.06673994702477808,4,Adam,"[48, 45]",0.11280527027359494,0.35772042706224433,0.014645618359303059,0.27163364037490145,,"[3088, 193]","[45, 48]","[48, 386]","[386, 1302]","[1302, 3088]",,0.11280527027359494,0.35772042706224433,0.014645618359303059,0.27163364037490145,,"[386, 48]","[1302, 386]","[3088, 1302]","[193, 3088]",,COMPLETE
3,3,0.9785054326057434,2023-04-04 17:58:05.540651,2023-04-04 17:58:15.430519,0 days 00:00:09.889868,1,58,0.008297097947550292,0.39992018311849076,0.1348633635510969,,,0.0031092450965818155,3,SGD,"[48, 58]",0.008297097947550292,0.39992018311849076,0.1348633635510969,,,"[1302, 193]","[58, 48]","[48, 386]","[386, 1302]",,,0.008297097947550292,0.39992018311849076,0.1348633635510969,,,"[386, 48]","[1302, 386]","[193, 1302]",,,COMPLETE
4,4,0.6480734348297119,2023-04-04 17:58:15.431655,2023-04-04 17:58:24.778548,0 days 00:00:09.346893,0,97,0.28107064633218093,0.3145244726968751,,,,0.07748159051205644,2,Adagrad,"[48, 97]",0.28107064633218093,0.3145244726968751,,,,"[386, 193]","[97, 48]","[48, 386]",,,,0.28107064633218093,0.3145244726968751,,,,"[386, 48]","[193, 386]",,,,COMPLETE
5,5,1.0146088600158691,2023-04-04 17:58:24.779476,2023-04-04 17:58:27.193351,0 days 00:00:02.413875,3,101,0.42650813544486293,0.056865433309929214,0.4918629353757173,0.40546999979733317,0.4647905211843915,0.017838241992991718,5,SGD,"[48, 101]",0.42650813544486293,0.056865433309929214,0.4918629353757173,0.40546999979733317,0.4647905211843915,"[6031, 193]","[101, 48]","[48, 386]","[386, 1302]","[1302, 3088]","[3088, 6031]",0.42650813544486293,0.056865433309929214,0.4918629353757173,0.40546999979733317,0.4647905211843915,"[386, 48]","[1302, 386]","[3088, 1302]","[6031, 3088]","[193, 6031]",PRUNED
6,6,0.5505917072296143,2023-04-04 17:58:27.194156,2023-04-04 17:58:53.269636,0 days 00:00:26.075480,3,77,0.19006959604827917,0.4564959398694052,0.21245470051726556,0.3139489618284134,,3.159067487163534e-05,4,RMSprop,"[48, 77]",0.19006959604827917,0.4564959398694052,0.21245470051726556,0.3139489618284134,,"[3088, 193]","[77, 48]","[48, 386]","[386, 1302]","[1302, 3088]",,0.19006959604827917,0.4564959398694052,0.21245470051726556,0.3139489618284134,,"[386, 48]","[1302, 386]","[3088, 1302]","[193, 3088]",,COMPLETE
7,7,1.0298004150390625,2023-04-04 17:58:53.270854,2023-04-04 17:58:53.449465,0 days 00:00:00.178611,4,95,0.35651263465464905,0.4748742644257036,,,,3.3526551833307826e-05,2,SGD,"[48, 95]",0.35651263465464905,0.4748742644257036,,,,"[386, 193]","[95, 48]","[48, 386]",,,,0.35651263465464905,0.4748742644257036,,,,"[386, 48]","[193, 386]",,,,PRUNED
8,8,1.0398204326629639,2023-04-04 17:58:53.450193,2023-04-04 17:58:55.833517,0 days 00:00:02.383324,3,107,0.08038535271637687,0.22922050131844196,0.10072269960099056,0.051062074865925455,0.3490280239713552,0.004376283841232131,5,SGD,"[48, 107]",0.08038535271637687,0.22922050131844196,0.10072269960099056,0.051062074865925455,0.3490280239713552,"[6031, 193]","[107, 48]","[48, 386]","[386, 1302]","[1302, 3088]","[3088, 6031]",0.08038535271637687,0.22922050131844196,0.10072269960099056,0.051062074865925455,0.3490280239713552,"[386, 48]","[1302, 386]","[3088, 1302]","[6031, 3088]","[193, 6031]",PRUNED
9,9,0.5269615650177002,2023-04-04 17:58:55.834357,2023-04-04 17:59:21.358351,0 days 00:00:25.523994,3,98,0.1360468024455373,0.1539438966647509,0.36726597757258583,0.20013578919937947,,0.00044508614512121396,4,Adagrad,"[48, 98]",0.1360468024455373,0.1539438966647509,0.36726597757258583,0.20013578919937947,,"[3088, 193]","[98, 48]","[48, 386]","[386, 1302]","[1302, 3088]",,0.1360468024455373,0.1539438966647509,0.36726597757258583,0.20013578919937947,,"[386, 48]","[1302, 386]","[3088, 1302]","[193, 3088]",,COMPLETE
10,10,0.9731374382972717,2023-04-04 17:59:21.359410,2023-04-04 17:59:21.600935,0 days 00:00:00.241525,4,121,0.4984049936043894,0.13461414412942999,,,,0.00015363877491252555,2,Adam,"[48, 121]",0.4984049936043894,0.13461414412942999,,,,"[386, 193]","[121, 48]","[48, 386]",,,,0.4984049936043894,0.13461414412942999,,,,"[386, 48]","[193, 386]",,,,PRUNED
11,11,0.3289209306240082,2023-04-04 17:59:21.601650,2023-04-04 17:59:48.879423,0 days 00:00:27.277773,4,126,0.2398631182395595,0.15049553254948286,0.3908731416116044,0.12077654177555641,,0.0005033643560167088,4,Adam,"[48, 126]",0.2398631182395595,0.15049553254948286,0.3908731416116044,0.12077654177555641,,"[3088, 193]","[126, 48]","[48, 386]","[386, 1302]","[1302, 3088]",,0.2398631182395595,0.15049553254948286,0.3908731416116044,0.12077654177555641,,"[386, 48]","[1302, 386]","[3088, 1302]","[193, 3088]",,COMPLETE
12,12,0.367166668176651,2023-04-04 17:59:48.880552,2023-04-04 17:59:59.581639,0 days 00:00:10.701087,4,127,0.2753505496595154,0.0023939109788717328,0.3571264304398981,,,0.0011735866342509399,3,Adam,"[48, 127]",0.2753505496595154,0.0023939109788717328,0.3571264304398981,,,"[1302, 193]","[127, 48]","[48, 386]","[386, 1302]",,,0.2753505496595154,0.0023939109788717328,0.3571264304398981,,,"[386, 48]","[1302, 386]","[193, 1302]",,,COMPLETE
13,13,0.35402604937553406,2023-04-04 17:59:59.582575,2023-04-04 18:00:27.196533,0 days 00:00:27.613958,4,116,0.21270614692165418,0.13327894235715262,0.3584230164498071,0.06375402111927446,,8.536866618805206e-05,4,Adam,"[48, 116]",0.21270614692165418,0.13327894235715262,0.3584230164498071,0.06375402111927446,,"[3088, 193]","[116, 48]","[48, 386]","[386, 1302]","[1302, 3088]",,0.21270614692165418,0.13327894235715262,0.3584230164498071,0.06375402111927446,,"[386, 48]","[1302, 386]","[3088, 1302]","[193, 3088]",,COMPLETE
14,14,0.9549153447151184,2023-04-04 18:00:27.197527,2023-04-04 18:00:27.811786,0 days 00:00:00.614259,4,115,0.20374456244466593,0.20917252017724752,0.3658338993497805,0.06753485783188845,,1.1673784716908373e-05,4,Adam,"[48, 115]",0.20374456244466593,0.20917252017724752,0.3658338993497805,0.06753485783188845,,"[3088, 193]","[115, 48]","[48, 386]","[386, 1302]","[1302, 3088]",,0.20374456244466593,0.20917252017724752,0.3658338993497805,0.06753485783188845,,"[386, 48]","[1302, 386]","[3088, 1302]","[193, 3088]",,PRUNED
15,15,0.3544609844684601,2023-04-04 18:00:27.812513,2023-04-04 18:02:18.557984,0 days 00:01:50.745471,2,88,0.20449060766172722,0.15282859963200668,0.4632773298074576,0.12973270558360855,0.022981870475507316,7.301595776297248e-05,5,RMSprop,"[48, 88]",0.20449060766172722,0.15282859963200668,0.4632773298074576,0.12973270558360855,0.022981870475507316,"[6031, 193]","[88, 48]","[48, 386]","[386, 1302]","[1302, 3088]","[3088, 6031]",0.20449060766172722,0.15282859963200668,0.4632773298074576,0.12973270558360855,0.022981870475507316,"[386, 48]","[1302, 386]","[3088, 1302]","[6031, 3088]","[193, 6031]",COMPLETE
16,16,0.4378148019313812,2023-04-04 18:02:18.559020,2023-04-04 18:02:45.014350,0 days 00:00:26.455330,0,76,0.31753860358526464,0.2820287608332347,0.3237267992802122,0.03273845903876049,,0.0006073572341352482,4,Adam,"[48, 76]",0.31753860358526464,0.2820287608332347,0.3237267992802122,0.03273845903876049,,"[3088, 193]","[76, 48]","[48, 386]","[386, 1302]","[1302, 3088]",,0.31753860358526464,0.2820287608332347,0.3237267992802122,0.03273845903876049,,"[386, 48]","[1302, 386]","[3088, 1302]","[193, 3088]",,COMPLETE
17,17,0.3401893079280853,2023-04-04 18:02:45.015315,2023-04-04 18:02:56.085733,0 days 00:00:11.070418,4,114,0.21183439609753518,0.2048124054018366,0.4227302949194426,,,0.0011153762937748783,3,Adam,"[48, 114]",0.21183439609753518,0.2048124054018366,0.4227302949194426,,,"[1302, 193]","[114, 48]","[48, 386]","[386, 1302]",,,0.21183439609753518,0.2048124054018366,0.4227302949194426,,,"[386, 48]","[1302, 386]","[193, 1302]",,,COMPLETE
18,18,0.38088762760162354,2023-04-04 18:02:56.086779,2023-04-04 18:03:07.018326,0 days 00:00:10.931547,4,111,0.2997082684684676,0.20943976640479128,0.44632358398410393,,,0.0015432848607453034,3,Adam,"[48, 111]",0.2997082684684676,0.20943976640479128,0.44632358398410393,,,"[1302, 193]","[111, 48]","[48, 386]","[386, 1302]",,,0.2997082684684676,0.20943976640479128,0.44632358398410393,,,"[386, 48]","[1302, 386]","[193, 1302]",,,COMPLETE
19,19,2.880483865737915,2023-04-04 18:03:07.019344,2023-04-04 18:03:07.255703,0 days 00:00:00.236359,4,36,0.15415354068913217,0.2518209751677586,0.44585723144376055,,,0.003441824443764963,3,RMSprop,"[48, 36]",0.15415354068913217,0.2518209751677586,0.44585723144376055,,,"[1302, 193]","[36, 48]","[48, 386]","[386, 1302]",,,0.15415354068913217,0.2518209751677586,0.44585723144376055,,,"[386, 48]","[1302, 386]","[193, 1302]",,,PRUNED
20,20,0.7152034640312195,2023-04-04 18:03:07.256363,2023-04-04 18:03:07.712672,0 days 00:00:00.456309,1,128,0.2449726747160086,0.30305328181722513,0.4156912200407162,,,0.0005736423837316406,3,Adam,"[48, 128]",0.2449726747160086,0.30305328181722513,0.4156912200407162,,,"[1302, 193]","[128, 48]","[48, 386]","[386, 1302]",,,0.2449726747160086,0.30305328181722513,0.4156912200407162,,,"[386, 48]","[1302, 386]","[193, 1302]",,,PRUNED
21,21,0.7330440878868103,2023-04-04 18:03:07.713393,2023-04-04 18:03:08.348541,0 days 00:00:00.635148,4,115,0.22546842272029913,0.13275071328885113,0.3055652766109169,0.1589166626618001,,0.00011200400356007855,4,Adam,"[48, 115]",0.22546842272029913,0.13275071328885113,0.3055652766109169,0.1589166626618001,,"[3088, 193]","[115, 48]","[48, 386]","[386, 1302]","[1302, 3088]",,0.22546842272029913,0.13275071328885113,0.3055652766109169,0.1589166626618001,,"[386, 48]","[1302, 386]","[3088, 1302]","[193, 3088]",,PRUNED
22,22,0.31101709604263306,2023-04-04 18:03:08.349279,2023-04-04 18:03:35.231592,0 days 00:00:26.882313,4,107,0.17112466740132593,0.1820708962547609,0.4046376350345332,0.11390422588814525,,0.0003322078782489016,4,Adam,"[48, 107]",0.17112466740132593,0.1820708962547609,0.4046376350345332,0.11390422588814525,,"[3088, 193]","[107, 48]","[48, 386]","[386, 1302]","[1302, 3088]",,0.17112466740132593,0.1820708962547609,0.4046376350345332,0.11390422588814525,,"[386, 48]","[1302, 386]","[3088, 1302]","[193, 3088]",,COMPLETE
23,23,0.29279494285583496,2023-04-04 18:03:35.232813,2023-04-04 18:05:29.119675,0 days 00:01:53.886862,4,88,0.1604487178748672,0.19944891946785914,0.4129258238396522,0.1316031686470765,0.15250363301582873,0.0004332494310509304,5,Adam,"[48, 88]",0.1604487178748672,0.19944891946785914,0.4129258238396522,0.1316031686470765,0.15250363301582873,"[6031, 193]","[88, 48]","[48, 386]","[386, 1302]","[1302, 3088]","[3088, 6031]",0.1604487178748672,0.19944891946785914,0.4129258238396522,0.1316031686470765,0.15250363301582873,"[386, 48]","[1302, 386]","[3088, 1302]","[6031, 3088]","[193, 6031]",COMPLETE
24,24,0.28498581051826477,2023-04-04 18:05:29.120744,2023-04-04 18:07:23.427021,0 days 00:01:54.306277,4,85,0.15272500114059187,0.099851553704771,0.49962153164068657,0.14586645512187701,0.1424010949375877,0.0003453460785282958,5,Adam,"[48, 85]",0.15272500114059187,0.099851553704771,0.49962153164068657,0.14586645512187701,0.1424010949375877,"[6031, 193]","[85, 48]","[48, 386]","[386, 1302]","[1302, 3088]","[3088, 6031]",0.15272500114059187,0.099851553704771,0.49962153164068657,0.14586645512187701,0.1424010949375877,"[386, 48]","[1302, 386]","[3088, 1302]","[6031, 3088]","[193, 6031]",COMPLETE
25,25,0.7719670534133911,2023-04-04 18:07:23.428081,2023-04-04 18:07:26.045875,0 days 00:00:02.617794,0,84,0.15469324479587576,0.08666390147409811,0.4944276683756931,0.19750192174391829,0.1352103501803112,0.0002547999378411904,5,Adam,"[48, 84]",0.15469324479587576,0.08666390147409811,0.4944276683756931,0.19750192174391829,0.1352103501803112,"[6031, 193]","[84, 48]","[48, 386]","[386, 1302]","[1302, 3088]","[3088, 6031]",0.15469324479587576,0.08666390147409811,0.4944276683756931,0.19750192174391829,0.1352103501803112,"[386, 48]","[1302, 386]","[3088, 1302]","[6031, 3088]","[193, 6031]",PRUNED
26,26,0.21857941150665283,2023-04-04 18:07:26.046878,2023-04-04 18:09:19.967676,0 days 00:01:53.920798,2,70,0.07679008053892142,0.10071623452691525,0.4818957914168582,0.14324300416416086,0.16667541641080597,0.000293190919316637,5,Adam,"[48, 70]",0.07679008053892142,0.10071623452691525,0.4818957914168582,0.14324300416416086,0.16667541641080597,"[6031, 193]","[70, 48]","[48, 386]","[386, 1302]","[1302, 3088]","[3088, 6031]",0.07679008053892142,0.10071623452691525,0.4818957914168582,0.14324300416416086,0.16667541641080597,"[386, 48]","[1302, 386]","[3088, 1302]","[6031, 3088]","[193, 6031]",COMPLETE
27,27,0.7468554377555847,2023-04-04 18:09:19.968691,2023-04-04 18:09:22.507301,0 days 00:00:02.538610,2,62,0.08547767220991834,0.11221200777258249,0.49411960965771146,0.0032605354836920675,0.17206041343759093,0.00015404984818151283,5,RMSprop,"[48, 62]",0.08547767220991834,0.11221200777258249,0.49411960965771146,0.0032605354836920675,0.17206041343759093,"[6031, 193]","[62, 48]","[48, 386]","[386, 1302]","[1302, 3088]","[3088, 6031]",0.08547767220991834,0.11221200777258249,0.49411960965771146,0.0032605354836920675,0.17206041343759093,"[386, 48]","[1302, 386]","[3088, 1302]","[6031, 3088]","[193, 6031]",PRUNED
28,28,0.27862846851348877,2023-04-04 18:09:22.508164,2023-04-04 18:11:11.470950,0 days 00:01:48.962786,2,69,0.04632028445287967,0.09531962601756015,0.4532802016863073,0.18672583407976268,0.17871036281894925,0.0006981853691916818,5,Adagrad,"[48, 69]",0.04632028445287967,0.09531962601756015,0.4532802016863073,0.18672583407976268,0.17871036281894925,"[6031, 193]","[69, 48]","[48, 386]","[386, 1302]","[1302, 3088]","[3088, 6031]",0.04632028445287967,0.09531962601756015,0.4532802016863073,0.18672583407976268,0.17871036281894925,"[386, 48]","[1302, 386]","[3088, 1302]","[6031, 3088]","[193, 6031]",COMPLETE
29,29,0.8420101404190063,2023-04-04 18:11:11.472522,2023-04-04 18:11:14.047488,0 days 00:00:02.574966,2,68,0.028576598930643654,0.08613293018663597,0.4687242288270619,0.21617895798620396,0.22770800516448425,0.001940038518108834,5,Adagrad,"[48, 68]",0.028576598930643654,0.08613293018663597,0.4687242288270619,0.21617895798620396,0.22770800516448425,"[6031, 193]","[68, 48]","[48, 386]","[386, 1302]","[1302, 3088]","[3088, 6031]",0.028576598930643654,0.08613293018663597,0.4687242288270619,0.21617895798620396,0.22770800516448425,"[386, 48]","[1302, 386]","[3088, 1302]","[6031, 3088]","[193, 6031]",PRUNED
30,30,0.2957752048969269,2023-04-04 18:11:14.049217,2023-04-04 18:13:03.403959,0 days 00:01:49.354742,2,70,0.051700545693379105,0.022585501911718153,0.44684039428428246,0.24492387157494247,0.09521378461099742,0.0006635079423160188,5,Adagrad,"[48, 70]",0.051700545693379105,0.022585501911718153,0.44684039428428246,0.24492387157494247,0.09521378461099742,"[6031, 193]","[70, 48]","[48, 386]","[386, 1302]","[1302, 3088]","[3088, 6031]",0.051700545693379105,0.022585501911718153,0.44684039428428246,0.24492387157494247,0.09521378461099742,"[386, 48]","[1302, 386]","[3088, 1302]","[6031, 3088]","[193, 6031]",COMPLETE
31,31,0.31642603874206543,2023-04-04 18:13:03.405061,2023-04-04 18:14:52.943971,0 days 00:01:49.538910,2,89,0.11872268041878868,0.07510079424358151,0.42991751343241585,0.16193785233155653,0.17740800266232304,0.0002695422790654254,5,Adagrad,"[48, 89]",0.11872268041878868,0.07510079424358151,0.42991751343241585,0.16193785233155653,0.17740800266232304,"[6031, 193]","[89, 48]","[48, 386]","[386, 1302]","[1302, 3088]","[3088, 6031]",0.11872268041878868,0.07510079424358151,0.42991751343241585,0.16193785233155653,0.17740800266232304,"[386, 48]","[1302, 386]","[3088, 1302]","[6031, 3088]","[193, 6031]",COMPLETE
32,32,0.33227401971817017,2023-04-04 18:14:52.945121,2023-04-04 18:16:43.088199,0 days 00:01:50.143078,2,51,0.06678626285785956,0.04378801055420681,0.4978531905356272,0.10247013216543242,0.12457328479003456,0.0007240878893883239,5,Adagrad,"[48, 51]",0.06678626285785956,0.04378801055420681,0.4978531905356272,0.10247013216543242,0.12457328479003456,"[6031, 193]","[51, 48]","[48, 386]","[386, 1302]","[1302, 3088]","[3088, 6031]",0.06678626285785956,0.04378801055420681,0.4978531905356272,0.10247013216543242,0.12457328479003456,"[386, 48]","[1302, 386]","[3088, 1302]","[6031, 3088]","[193, 6031]",COMPLETE
33,33,0.24918174743652344,2023-04-04 18:16:43.089672,2023-04-04 18:18:37.215966,0 days 00:01:54.126294,2,70,0.10639279206481202,0.10228202383276419,0.45921554892971334,0.15119443095128968,0.23569395386764616,0.00031459167449285623,5,Adam,"[48, 70]",0.10639279206481202,0.10228202383276419,0.45921554892971334,0.15119443095128968,0.23569395386764616,"[6031, 193]","[70, 48]","[48, 386]","[386, 1302]","[1302, 3088]","[3088, 6031]",0.10639279206481202,0.10228202383276419,0.45921554892971334,0.15119443095128968,0.23569395386764616,"[386, 48]","[1302, 386]","[3088, 1302]","[6031, 3088]","[193, 6031]",COMPLETE
34,34,0.4848383963108063,2023-04-04 18:18:37.217303,2023-04-04 18:18:44.037508,0 days 00:00:06.820205,2,70,0.10927072650210908,0.10174107686583372,0.4593065212761105,0.170214987992946,0.2529021078906259,0.00017924701615838144,5,Adagrad,"[48, 70]",0.10927072650210908,0.10174107686583372,0.4593065212761105,0.170214987992946,0.2529021078906259,"[6031, 193]","[70, 48]","[48, 386]","[386, 1302]","[1302, 3088]","[3088, 6031]",0.10927072650210908,0.10174107686583372,0.4593065212761105,0.170214987992946,0.2529021078906259,"[386, 48]","[1302, 386]","[3088, 1302]","[6031, 3088]","[193, 6031]",PRUNED
35,35,0.5862267017364502,2023-04-04 18:18:44.038479,2023-04-04 18:18:46.649737,0 days 00:00:02.611258,2,52,0.007619441805546079,0.05986130066384035,0.4681377116098797,0.17607913531269886,0.23531171081406232,0.0009636319215056406,5,Adam,"[48, 52]",0.007619441805546079,0.05986130066384035,0.4681377116098797,0.17607913531269886,0.23531171081406232,"[6031, 193]","[52, 48]","[48, 386]","[386, 1302]","[1302, 3088]","[3088, 6031]",0.007619441805546079,0.05986130066384035,0.4681377116098797,0.17607913531269886,0.23531171081406232,"[386, 48]","[1302, 386]","[3088, 1302]","[6031, 3088]","[193, 6031]",PRUNED
36,36,0.26757732033729553,2023-04-04 18:18:46.650580,2023-04-04 18:20:34.867761,0 days 00:01:48.217181,2,63,0.04509027109657046,0.029168990476249837,0.3963652156955419,0.2290559653633335,0.21656432776720974,0.0002512132714627531,5,Adagrad,"[48, 63]",0.04509027109657046,0.029168990476249837,0.3963652156955419,0.2290559653633335,0.21656432776720974,"[6031, 193]","[63, 48]","[48, 386]","[386, 1302]","[1302, 3088]","[3088, 6031]",0.04509027109657046,0.029168990476249837,0.3963652156955419,0.2290559653633335,0.21656432776720974,"[386, 48]","[1302, 386]","[3088, 1302]","[6031, 3088]","[193, 6031]",COMPLETE
37,37,0.5316130518913269,2023-04-04 18:20:34.870054,2023-04-04 18:20:41.689057,0 days 00:00:06.819003,2,63,0.03880964341069015,0.03323549788920231,0.3930502957040639,0.23462938088598817,0.28009910450744446,0.0002165882779188957,5,Adagrad,"[48, 63]",0.03880964341069015,0.03323549788920231,0.3930502957040639,0.23462938088598817,0.28009910450744446,"[6031, 193]","[63, 48]","[48, 386]","[386, 1302]","[1302, 3088]","[3088, 6031]",0.03880964341069015,0.03323549788920231,0.3930502957040639,0.23462938088598817,0.28009910450744446,"[386, 48]","[1302, 386]","[3088, 1302]","[6031, 3088]","[193, 6031]",PRUNED
38,38,0.9642582535743713,2023-04-04 18:20:41.689857,2023-04-04 18:20:44.194022,0 days 00:00:02.504165,2,53,0.031702072947084534,0.003728868217067055,0.4333265354828768,0.2880852843654788,0.2091535637362104,0.001853003944298279,5,Adagrad,"[48, 53]",0.031702072947084534,0.003728868217067055,0.4333265354828768,0.2880852843654788,0.2091535637362104,"[6031, 193]","[53, 48]","[48, 386]","[386, 1302]","[1302, 3088]","[3088, 6031]",0.031702072947084534,0.003728868217067055,0.4333265354828768,0.2880852843654788,0.2091535637362104,"[386, 48]","[1302, 386]","[3088, 1302]","[6031, 3088]","[193, 6031]",PRUNED
39,39,0.9794988036155701,2023-04-04 18:20:44.194986,2023-04-04 18:20:46.596626,0 days 00:00:02.401640,1,76,0.08702846951177588,0.0602106199673775,0.38506443268898133,0.20988452345572858,0.29741444937230055,0.0003086585441429816,5,SGD,"[48, 76]",0.08702846951177588,0.0602106199673775,0.38506443268898133,0.20988452345572858,0.29741444937230055,"[6031, 193]","[76, 48]","[48, 386]","[386, 1302]","[1302, 3088]","[3088, 6031]",0.08702846951177588,0.0602106199673775,0.38506443268898133,0.20988452345572858,0.29741444937230055,"[386, 48]","[1302, 386]","[3088, 1302]","[6031, 3088]","[193, 6031]",PRUNED
40,40,0.7197921872138977,2023-04-04 18:20:46.597705,2023-04-04 18:20:47.182279,0 days 00:00:00.584574,2,44,0.05911391872498334,0.04300180590979358,0.4613109419547952,0.09434557475024395,,7.991024943102051e-05,4,Adagrad,"[48, 44]",0.05911391872498334,0.04300180590979358,0.4613109419547952,0.09434557475024395,,"[3088, 193]","[44, 48]","[48, 386]","[386, 1302]","[1302, 3088]",,0.05911391872498334,0.04300180590979358,0.4613109419547952,0.09434557475024395,,"[386, 48]","[1302, 386]","[3088, 1302]","[193, 3088]",,PRUNED
41,41,0.6111040711402893,2023-04-04 18:20:47.182991,2023-04-04 18:20:49.689417,0 days 00:00:02.506426,2,66,0.10157183651802129,0.09760689641146661,0.4768364452775873,0.14927886186713762,0.19527782153930456,0.0003555537969563945,5,Adagrad,"[48, 66]",0.10157183651802129,0.09760689641146661,0.4768364452775873,0.14927886186713762,0.19527782153930456,"[6031, 193]","[66, 48]","[48, 386]","[386, 1302]","[1302, 3088]","[3088, 6031]",0.10157183651802129,0.09760689641146661,0.4768364452775873,0.14927886186713762,0.19527782153930456,"[386, 48]","[1302, 386]","[3088, 1302]","[6031, 3088]","[193, 6031]",PRUNED
42,42,0.9915520548820496,2023-04-04 18:20:49.690246,2023-04-04 18:20:52.101007,0 days 00:00:02.410761,2,81,0.06458898320194166,0.07286886929938192,0.4998924077810688,0.2636422329779732,0.09805441838564356,0.00022164789426934163,5,SGD,"[48, 81]",0.06458898320194166,0.07286886929938192,0.4998924077810688,0.2636422329779732,0.09805441838564356,"[6031, 193]","[81, 48]","[48, 386]","[386, 1302]","[1302, 3088]","[3088, 6031]",0.06458898320194166,0.07286886929938192,0.4998924077810688,0.2636422329779732,0.09805441838564356,"[386, 48]","[1302, 386]","[3088, 1302]","[6031, 3088]","[193, 6031]",PRUNED
43,43,0.2304660826921463,2023-04-04 18:20:52.101960,2023-04-04 18:22:40.303002,0 days 00:01:48.201042,2,58,0.0005657340837354058,0.11283179072252544,0.43205279389487306,0.18175127206664868,0.19412950504930399,0.0007612364968044032,5,Adagrad,"[48, 58]",0.0005657340837354058,0.11283179072252544,0.43205279389487306,0.18175127206664868,0.19412950504930399,"[6031, 193]","[58, 48]","[48, 386]","[386, 1302]","[1302, 3088]","[3088, 6031]",0.0005657340837354058,0.11283179072252544,0.43205279389487306,0.18175127206664868,0.19412950504930399,"[386, 48]","[1302, 386]","[3088, 1302]","[6031, 3088]","[193, 6031]",COMPLETE
44,44,40.0556755065918,2023-04-04 18:22:40.304110,2023-04-04 18:22:42.804281,0 days 00:00:02.500171,2,56,0.012537956477248544,0.06489499829944273,0.4291903521696137,0.205181273347373,0.2036167810542648,0.00611866240631674,5,Adagrad,"[48, 56]",0.012537956477248544,0.06489499829944273,0.4291903521696137,0.205181273347373,0.2036167810542648,"[6031, 193]","[56, 48]","[48, 386]","[386, 1302]","[1302, 3088]","[3088, 6031]",0.012537956477248544,0.06489499829944273,0.4291903521696137,0.205181273347373,0.2036167810542648,"[386, 48]","[1302, 386]","[3088, 1302]","[6031, 3088]","[193, 6031]",PRUNED
45,45,0.26742634177207947,2023-04-04 18:22:42.806283,2023-04-04 18:24:31.020501,0 days 00:01:48.214218,2,73,0.035014032076414986,0.11727144600714011,0.4020978292615576,0.18407580918252897,0.19865064741976418,0.0008830232098826613,5,Adagrad,"[48, 73]",0.035014032076414986,0.11727144600714011,0.4020978292615576,0.18407580918252897,0.19865064741976418,"[6031, 193]","[73, 48]","[48, 386]","[386, 1302]","[1302, 3088]","[3088, 6031]",0.035014032076414986,0.11727144600714011,0.4020978292615576,0.18407580918252897,0.19865064741976418,"[386, 48]","[1302, 386]","[3088, 1302]","[6031, 3088]","[193, 6031]",COMPLETE
46,46,0.6782968640327454,2023-04-04 18:24:31.021581,2023-04-04 18:24:31.614130,0 days 00:00:00.592549,3,73,0.012959043753182797,0.12147407034095786,0.38659709412327375,0.22496565657953335,,0.0010345815779434788,4,Adagrad,"[48, 73]",0.012959043753182797,0.12147407034095786,0.38659709412327375,0.22496565657953335,,"[3088, 193]","[73, 48]","[48, 386]","[386, 1302]","[1302, 3088]",,0.012959043753182797,0.12147407034095786,0.38659709412327375,0.22496565657953335,,"[386, 48]","[1302, 386]","[3088, 1302]","[193, 3088]",,PRUNED
47,47,0.2627999484539032,2023-04-04 18:24:31.614945,2023-04-04 18:26:19.492291,0 days 00:01:47.877346,2,60,0.004762957725359107,0.11945657589412562,0.32188414432790136,0.28759229631231803,0.24667773389944767,0.00043851307298824476,5,Adagrad,"[48, 60]",0.004762957725359107,0.11945657589412562,0.32188414432790136,0.28759229631231803,0.24667773389944767,"[6031, 193]","[60, 48]","[48, 386]","[386, 1302]","[1302, 3088]","[3088, 6031]",0.004762957725359107,0.11945657589412562,0.32188414432790136,0.28759229631231803,0.24667773389944767,"[386, 48]","[1302, 386]","[3088, 1302]","[6031, 3088]","[193, 6031]",COMPLETE
48,48,0.6666458249092102,2023-04-04 18:26:19.493398,2023-04-04 18:26:19.703792,0 days 00:00:00.210394,0,46,0.026096687935500608,0.1620036912065519,,,,0.000557797462683369,2,RMSprop,"[48, 46]",0.026096687935500608,0.1620036912065519,,,,"[386, 193]","[46, 48]","[48, 386]",,,,0.026096687935500608,0.1620036912065519,,,,"[386, 48]","[193, 386]",,,,PRUNED
49,49,0.6876463890075684,2023-04-04 18:26:19.704496,2023-04-04 18:26:20.348803,0 days 00:00:00.644307,1,58,0.0006212353284627192,0.11965495738074892,0.33042525824232105,0.32866678613835676,,0.000428117877999637,4,Adagrad,"[48, 58]",0.0006212353284627192,0.11965495738074892,0.33042525824232105,0.32866678613835676,,"[3088, 193]","[58, 48]","[48, 386]","[386, 1302]","[1302, 3088]",,0.0006212353284627192,0.11965495738074892,0.33042525824232105,0.32866678613835676,,"[386, 48]","[1302, 386]","[3088, 1302]","[193, 3088]",,PRUNED
50,50,1.0192557573318481,2023-04-04 18:26:20.349649,2023-04-04 18:26:22.758202,0 days 00:00:02.408553,2,79,0.07598010402105138,0.16885100481373974,0.256116488481942,0.27958832623660723,0.2612198752078841,0.00012296405260358412,5,SGD,"[48, 79]",0.07598010402105138,0.16885100481373974,0.256116488481942,0.27958832623660723,0.2612198752078841,"[6031, 193]","[79, 48]","[48, 386]","[386, 1302]","[1302, 3088]","[3088, 6031]",0.07598010402105138,0.16885100481373974,0.256116488481942,0.27958832623660723,0.2612198752078841,"[386, 48]","[1302, 386]","[3088, 1302]","[6031, 3088]","[193, 6031]",PRUNED
51,51,0.40027472376823425,2023-04-04 18:26:22.758940,2023-04-04 18:26:36.048069,0 days 00:00:13.289129,2,63,0.046915913447073146,0.14249748698229942,0.403892230863627,0.2499971614996302,0.23016373144468555,0.0008492685403769792,5,Adagrad,"[48, 63]",0.046915913447073146,0.14249748698229942,0.403892230863627,0.2499971614996302,0.23016373144468555,"[6031, 193]","[63, 48]","[48, 386]","[386, 1302]","[1302, 3088]","[3088, 6031]",0.046915913447073146,0.14249748698229942,0.403892230863627,0.2499971614996302,0.23016373144468555,"[386, 48]","[1302, 386]","[3088, 1302]","[6031, 3088]","[193, 6031]",PRUNED
52,52,0.25129833817481995,2023-04-04 18:26:36.050268,2023-04-04 18:28:23.912387,0 days 00:01:47.862119,2,60,0.02931113085655747,0.12188626314631064,0.3524058817419887,0.18612604534353497,0.20858862491409288,0.00046998479112862946,5,Adagrad,"[48, 60]",0.02931113085655747,0.12188626314631064,0.3524058817419887,0.18612604534353497,0.20858862491409288,"[6031, 193]","[60, 48]","[48, 386]","[386, 1302]","[1302, 3088]","[3088, 6031]",0.02931113085655747,0.12188626314631064,0.3524058817419887,0.18612604534353497,0.20858862491409288,"[386, 48]","[1302, 386]","[3088, 1302]","[6031, 3088]","[193, 6031]",COMPLETE
53,53,0.6153619289398193,2023-04-04 18:28:23.913523,2023-04-04 18:28:26.422566,0 days 00:00:02.509043,2,74,0.00023817913508056288,0.1188096012507811,0.3711553630477803,0.18251991703984133,0.18759400300004264,0.0013608163341586959,5,Adagrad,"[48, 74]",0.00023817913508056288,0.1188096012507811,0.3711553630477803,0.18251991703984133,0.18759400300004264,"[6031, 193]","[74, 48]","[48, 386]","[386, 1302]","[1302, 3088]","[3088, 6031]",0.00023817913508056288,0.1188096012507811,0.3711553630477803,0.18251991703984133,0.18759400300004264,"[386, 48]","[1302, 386]","[3088, 1302]","[6031, 3088]","[193, 6031]",PRUNED
54,54,0.49430033564567566,2023-04-04 18:28:26.423395,2023-04-04 18:28:31.090610,0 days 00:00:04.667215,2,59,0.02394479351199872,0.14118003692999687,0.3504452332110777,0.1376767625811155,0.2646879440684271,0.0004608464132958467,5,Adagrad,"[48, 59]",0.02394479351199872,0.14118003692999687,0.3504452332110777,0.1376767625811155,0.2646879440684271,"[6031, 193]","[59, 48]","[48, 386]","[386, 1302]","[1302, 3088]","[3088, 6031]",0.02394479351199872,0.14118003692999687,0.3504452332110777,0.1376767625811155,0.2646879440684271,"[386, 48]","[1302, 386]","[3088, 1302]","[6031, 3088]","[193, 6031]",PRUNED
55,55,0.7101548910140991,2023-04-04 18:28:31.091432,2023-04-04 18:28:33.601111,0 days 00:00:02.509679,3,47,0.07182964806013026,0.17399826703959573,0.423467165578842,0.18179024146199654,0.22399893621878691,0.000814186487485792,5,Adagrad,"[48, 47]",0.07182964806013026,0.17399826703959573,0.423467165578842,0.18179024146199654,0.22399893621878691,"[6031, 193]","[47, 48]","[48, 386]","[386, 1302]","[1302, 3088]","[3088, 6031]",0.07182964806013026,0.17399826703959573,0.423467165578842,0.18179024146199654,0.22399893621878691,"[386, 48]","[1302, 386]","[3088, 1302]","[6031, 3088]","[193, 6031]",PRUNED
56,56,0.5343219637870789,2023-04-04 18:28:33.602159,2023-04-04 18:28:34.705818,0 days 00:00:01.103659,2,41,0.09534884633920086,0.14831604514350138,0.2993621088766492,0.09529445034791521,,0.0022215788959678473,4,Adagrad,"[48, 41]",0.09534884633920086,0.14831604514350138,0.2993621088766492,0.09529445034791521,,"[3088, 193]","[41, 48]","[48, 386]","[386, 1302]","[1302, 3088]",,0.09534884633920086,0.14831604514350138,0.2993621088766492,0.09529445034791521,,"[386, 48]","[1302, 386]","[3088, 1302]","[193, 3088]",,PRUNED
57,57,0.9874070882797241,2023-04-04 18:28:34.706559,2023-04-04 18:28:37.325531,0 days 00:00:02.618972,2,55,0.021557075170966535,0.12239980948930843,0.37802307721225925,0.16119883374660574,0.302422270649297,0.0012595970775820715,5,Adam,"[48, 55]",0.021557075170966535,0.12239980948930843,0.37802307721225925,0.16119883374660574,0.302422270649297,"[6031, 193]","[55, 48]","[48, 386]","[386, 1302]","[1302, 3088]","[3088, 6031]",0.021557075170966535,0.12239980948930843,0.37802307721225925,0.16119883374660574,0.302422270649297,"[386, 48]","[1302, 386]","[3088, 1302]","[6031, 3088]","[193, 6031]",PRUNED
58,58,1.009742259979248,2023-04-04 18:28:37.326293,2023-04-04 18:28:39.857251,0 days 00:00:02.530958,0,66,0.11762398517019558,0.1865155672039972,0.3413779775150019,0.13039468681796537,0.19874756350904352,0.0004843887481714712,5,RMSprop,"[48, 66]",0.11762398517019558,0.1865155672039972,0.3413779775150019,0.13039468681796537,0.19874756350904352,"[6031, 193]","[66, 48]","[48, 386]","[386, 1302]","[1302, 3088]","[3088, 6031]",0.11762398517019558,0.1865155672039972,0.3413779775150019,0.13039468681796537,0.19874756350904352,"[386, 48]","[1302, 386]","[3088, 1302]","[6031, 3088]","[193, 6031]",PRUNED
59,59,0.21595419943332672,2023-04-04 18:28:39.858013,2023-04-04 18:30:33.607890,0 days 00:01:53.749877,2,73,0.05726084329777317,0.08171378109647465,0.35385529349162387,0.19508526168064638,0.4974646285489415,0.00034726844401764613,5,Adam,"[48, 73]",0.05726084329777317,0.08171378109647465,0.35385529349162387,0.19508526168064638,0.4974646285489415,"[6031, 193]","[73, 48]","[48, 386]","[386, 1302]","[1302, 3088]","[3088, 6031]",0.05726084329777317,0.08171378109647465,0.35385529349162387,0.19508526168064638,0.4974646285489415,"[386, 48]","[1302, 386]","[3088, 1302]","[6031, 3088]","[193, 6031]",COMPLETE
60,60,0.8394506573677063,2023-04-04 18:30:33.609253,2023-04-04 18:30:34.227694,0 days 00:00:00.618441,1,61,0.05894469770011751,0.08140382350269794,0.35643540497957515,0.19934691007621277,,0.00017893810163351303,4,Adam,"[48, 61]",0.05894469770011751,0.08140382350269794,0.35643540497957515,0.19934691007621277,,"[3088, 193]","[61, 48]","[48, 386]","[386, 1302]","[1302, 3088]",,0.05894469770011751,0.08140382350269794,0.35643540497957515,0.19934691007621277,,"[386, 48]","[1302, 386]","[3088, 1302]","[193, 3088]",,PRUNED
61,61,0.17864710092544556,2023-04-04 18:30:34.228485,2023-04-04 18:32:27.978903,0 days 00:01:53.750418,2,73,0.0365617871859346,0.09898371088080617,0.4099485729615844,0.14675642467998257,0.39915848634963746,0.0003713717192015718,5,Adam,"[48, 73]",0.0365617871859346,0.09898371088080617,0.4099485729615844,0.14675642467998257,0.39915848634963746,"[6031, 193]","[73, 48]","[48, 386]","[386, 1302]","[1302, 3088]","[3088, 6031]",0.0365617871859346,0.09898371088080617,0.4099485729615844,0.14675642467998257,0.39915848634963746,"[386, 48]","[1302, 386]","[3088, 1302]","[6031, 3088]","[193, 6031]",COMPLETE
62,62,0.2254074066877365,2023-04-04 18:32:27.980213,2023-04-04 18:34:21.457405,0 days 00:01:53.477192,2,80,0.08088984859111084,0.10257123555755107,0.37215507379326707,0.14662308189796783,0.49939359689000157,0.00037486760483514955,5,Adam,"[48, 80]",0.08088984859111084,0.10257123555755107,0.37215507379326707,0.14662308189796783,0.49939359689000157,"[6031, 193]","[80, 48]","[48, 386]","[386, 1302]","[1302, 3088]","[3088, 6031]",0.08088984859111084,0.10257123555755107,0.37215507379326707,0.14662308189796783,0.49939359689000157,"[386, 48]","[1302, 386]","[3088, 1302]","[6031, 3088]","[193, 6031]",COMPLETE
63,63,0.23288998007774353,2023-04-04 18:34:21.458499,2023-04-04 18:36:14.832995,0 days 00:01:53.374496,2,80,0.08487319705937604,0.09854805287944014,0.47658294495682496,0.15134551681432962,0.493918292766125,0.0003829828064154979,5,Adam,"[48, 80]",0.08487319705937604,0.09854805287944014,0.47658294495682496,0.15134551681432962,0.493918292766125,"[6031, 193]","[80, 48]","[48, 386]","[386, 1302]","[1302, 3088]","[3088, 6031]",0.08487319705937604,0.09854805287944014,0.47658294495682496,0.15134551681432962,0.493918292766125,"[386, 48]","[1302, 386]","[3088, 1302]","[6031, 3088]","[193, 6031]",COMPLETE
64,64,0.24635648727416992,2023-04-04 18:36:14.834329,2023-04-04 18:38:08.589484,0 days 00:01:53.755155,2,91,0.08299545079017062,0.08330494514475584,0.47603707720358496,0.11562897519987797,0.4811893390506831,0.00031654554980441987,5,Adam,"[48, 91]",0.08299545079017062,0.08330494514475584,0.47603707720358496,0.11562897519987797,0.4811893390506831,"[6031, 193]","[91, 48]","[48, 386]","[386, 1302]","[1302, 3088]","[3088, 6031]",0.08299545079017062,0.08330494514475584,0.47603707720358496,0.11562897519987797,0.4811893390506831,"[386, 48]","[1302, 386]","[3088, 1302]","[6031, 3088]","[193, 6031]",COMPLETE
65,65,0.2621613144874573,2023-04-04 18:38:08.590608,2023-04-04 18:40:02.322804,0 days 00:01:53.732196,2,94,0.13337461694220348,0.054435451252449016,0.43567063706026765,0.12224652902088268,0.49515374512699584,0.00020292941315615192,5,Adam,"[48, 94]",0.13337461694220348,0.054435451252449016,0.43567063706026765,0.12224652902088268,0.49515374512699584,"[6031, 193]","[94, 48]","[48, 386]","[386, 1302]","[1302, 3088]","[3088, 6031]",0.13337461694220348,0.054435451252449016,0.43567063706026765,0.12224652902088268,0.49515374512699584,"[386, 48]","[1302, 386]","[3088, 1302]","[6031, 3088]","[193, 6031]",COMPLETE
66,66,0.7527410984039307,2023-04-04 18:40:02.323902,2023-04-04 18:40:04.954936,0 days 00:00:02.631034,3,83,0.08848908410571309,0.07998310770703318,0.44131345946597605,0.0797704855001681,0.4397957759942337,0.00013728845763893955,5,Adam,"[48, 83]",0.08848908410571309,0.07998310770703318,0.44131345946597605,0.0797704855001681,0.4397957759942337,"[6031, 193]","[83, 48]","[48, 386]","[386, 1302]","[1302, 3088]","[3088, 6031]",0.08848908410571309,0.07998310770703318,0.44131345946597605,0.0797704855001681,0.4397957759942337,"[386, 48]","[1302, 386]","[3088, 1302]","[6031, 3088]","[193, 6031]",PRUNED
67,67,0.24331742525100708,2023-04-04 18:40:04.956100,2023-04-04 18:41:58.770577,0 days 00:01:53.814477,2,94,0.07157246476680802,0.08736984589221944,0.48177625581140104,0.10855268082292786,0.45602335719393683,0.0006690029649310392,5,Adam,"[48, 94]",0.07157246476680802,0.08736984589221944,0.48177625581140104,0.10855268082292786,0.45602335719393683,"[6031, 193]","[94, 48]","[48, 386]","[386, 1302]","[1302, 3088]","[3088, 6031]",0.07157246476680802,0.08736984589221944,0.48177625581140104,0.10855268082292786,0.45602335719393683,"[386, 48]","[1302, 386]","[3088, 1302]","[6031, 3088]","[193, 6031]",COMPLETE
68,68,0.2359767109155655,2023-04-04 18:41:58.771697,2023-04-04 18:43:52.150301,0 days 00:01:53.378604,2,100,0.06998170470475909,0.10208262126261854,0.484320119647487,0.13968083109897927,0.4585665888704759,0.0005731799231839899,5,Adam,"[48, 100]",0.06998170470475909,0.10208262126261854,0.484320119647487,0.13968083109897927,0.4585665888704759,"[6031, 193]","[100, 48]","[48, 386]","[386, 1302]","[1302, 3088]","[3088, 6031]",0.06998170470475909,0.10208262126261854,0.484320119647487,0.13968083109897927,0.4585665888704759,"[386, 48]","[1302, 386]","[3088, 1302]","[6031, 3088]","[193, 6031]",COMPLETE
69,69,0.22013825178146362,2023-04-04 18:43:52.151307,2023-04-04 18:45:45.602832,0 days 00:01:53.451525,2,80,0.05584627058641819,0.10444884980534523,0.4173514747474835,0.14883754643556654,0.4295371150661883,0.0006367837992112225,5,Adam,"[48, 80]",0.05584627058641819,0.10444884980534523,0.4173514747474835,0.14883754643556654,0.4295371150661883,"[6031, 193]","[80, 48]","[48, 386]","[386, 1302]","[1302, 3088]","[3088, 6031]",0.05584627058641819,0.10444884980534523,0.4173514747474835,0.14883754643556654,0.4295371150661883,"[386, 48]","[1302, 386]","[3088, 1302]","[6031, 3088]","[193, 6031]",COMPLETE
70,70,0.7332146763801575,2023-04-04 18:45:45.604307,2023-04-04 18:45:48.225227,0 days 00:00:02.620920,0,79,0.04867173619118299,0.15383237695765872,0.4487174372564703,0.15726134032458813,0.4228308904844688,0.0002463404983811322,5,Adam,"[48, 79]",0.04867173619118299,0.15383237695765872,0.4487174372564703,0.15726134032458813,0.4228308904844688,"[6031, 193]","[79, 48]","[48, 386]","[386, 1302]","[1302, 3088]","[3088, 6031]",0.04867173619118299,0.15383237695765872,0.4487174372564703,0.15726134032458813,0.4228308904844688,"[386, 48]","[1302, 386]","[3088, 1302]","[6031, 3088]","[193, 6031]",PRUNED
71,71,0.2280832827091217,2023-04-04 18:45:48.227216,2023-04-04 18:47:41.964766,0 days 00:01:53.737550,2,86,0.05806763523715601,0.10273822904907641,0.4177909067706769,0.12686887909655445,0.49706290947840565,0.0006046993530059745,5,Adam,"[48, 86]",0.05806763523715601,0.10273822904907641,0.4177909067706769,0.12686887909655445,0.49706290947840565,"[6031, 193]","[86, 48]","[48, 386]","[386, 1302]","[1302, 3088]","[3088, 6031]",0.05806763523715601,0.10273822904907641,0.4177909067706769,0.12686887909655445,0.49706290947840565,"[386, 48]","[1302, 386]","[3088, 1302]","[6031, 3088]","[193, 6031]",COMPLETE
72,72,0.23456141352653503,2023-04-04 18:47:41.965850,2023-04-04 18:49:35.707697,0 days 00:01:53.741847,2,82,0.09879803860148703,0.06358764021127378,0.4083109431688868,0.14053963739559883,0.491251387240667,0.00036717115698382135,5,Adam,"[48, 82]",0.09879803860148703,0.06358764021127378,0.4083109431688868,0.14053963739559883,0.491251387240667,"[6031, 193]","[82, 48]","[48, 386]","[386, 1302]","[1302, 3088]","[3088, 6031]",0.09879803860148703,0.06358764021127378,0.4083109431688868,0.14053963739559883,0.491251387240667,"[386, 48]","[1302, 386]","[3088, 1302]","[6031, 3088]","[193, 6031]",COMPLETE
73,73,0.5289468765258789,2023-04-04 18:49:35.708980,2023-04-04 18:49:40.596090,0 days 00:00:04.887110,2,87,0.1205191727270897,0.10008580925945394,0.42121508869445545,0.16491468533393258,0.4968385587702799,0.0006380133825175293,5,Adam,"[48, 87]",0.1205191727270897,0.10008580925945394,0.42121508869445545,0.16491468533393258,0.4968385587702799,"[6031, 193]","[87, 48]","[48, 386]","[386, 1302]","[1302, 3088]","[3088, 6031]",0.1205191727270897,0.10008580925945394,0.42121508869445545,0.16491468533393258,0.4968385587702799,"[386, 48]","[1302, 386]","[3088, 1302]","[6031, 3088]","[193, 6031]",PRUNED
74,74,0.2115461677312851,2023-04-04 18:49:40.597100,2023-04-04 18:51:34.321135,0 days 00:01:53.724035,2,77,0.05673254430910457,0.1383451618688039,0.413312943331987,0.12309678247713521,0.4141843727917331,0.0003791621521635092,5,Adam,"[48, 77]",0.05673254430910457,0.1383451618688039,0.413312943331987,0.12309678247713521,0.4141843727917331,"[6031, 193]","[77, 48]","[48, 386]","[386, 1302]","[1302, 3088]","[3088, 6031]",0.05673254430910457,0.1383451618688039,0.413312943331987,0.12309678247713521,0.4141843727917331,"[386, 48]","[1302, 386]","[3088, 1302]","[6031, 3088]","[193, 6031]",COMPLETE
75,75,0.7290677428245544,2023-04-04 18:51:34.322253,2023-04-04 18:51:36.937258,0 days 00:00:02.615005,2,76,0.05459295054578372,0.1321224750523807,0.36926085419829024,0.12449958861797655,0.40680501407620895,0.0009452462814020676,5,Adam,"[48, 76]",0.05459295054578372,0.1321224750523807,0.36926085419829024,0.12449958861797655,0.40680501407620895,"[6031, 193]","[76, 48]","[48, 386]","[386, 1302]","[1302, 3088]","[3088, 6031]",0.05459295054578372,0.1321224750523807,0.36926085419829024,0.12449958861797655,0.40680501407620895,"[386, 48]","[1302, 386]","[3088, 1302]","[6031, 3088]","[193, 6031]",PRUNED
76,76,0.2310914695262909,2023-04-04 18:51:36.938352,2023-04-04 18:53:30.678582,0 days 00:01:53.740230,2,86,0.04011914054721422,0.13269049262081656,0.4157273918365729,0.10775775822768074,0.4000679728580585,0.0002806217812955642,5,Adam,"[48, 86]",0.04011914054721422,0.13269049262081656,0.4157273918365729,0.10775775822768074,0.4000679728580585,"[6031, 193]","[86, 48]","[48, 386]","[386, 1302]","[1302, 3088]","[3088, 6031]",0.04011914054721422,0.13269049262081656,0.4157273918365729,0.10775775822768074,0.4000679728580585,"[386, 48]","[1302, 386]","[3088, 1302]","[6031, 3088]","[193, 6031]",COMPLETE
77,77,0.20506639778614044,2023-04-04 18:53:30.679943,2023-04-04 18:55:24.418405,0 days 00:01:53.738462,2,91,0.058159440578602624,0.04839129792514986,0.39108797302865833,0.08724327905463658,0.47109447809688876,0.00017828748318329132,5,Adam,"[48, 91]",0.058159440578602624,0.04839129792514986,0.39108797302865833,0.08724327905463658,0.47109447809688876,"[6031, 193]","[91, 48]","[48, 386]","[386, 1302]","[1302, 3088]","[3088, 6031]",0.058159440578602624,0.04839129792514986,0.39108797302865833,0.08724327905463658,0.47109447809688876,"[386, 48]","[1302, 386]","[3088, 1302]","[6031, 3088]","[193, 6031]",COMPLETE
78,78,0.20674976706504822,2023-04-04 18:55:24.419525,2023-04-04 18:57:18.162888,0 days 00:01:53.743363,2,105,0.05939689488108799,0.04965653288049493,0.39320571698626483,0.08035395995513811,0.47058530346193045,0.0001797669162717314,5,Adam,"[48, 105]",0.05939689488108799,0.04965653288049493,0.39320571698626483,0.08035395995513811,0.47058530346193045,"[6031, 193]","[105, 48]","[48, 386]","[386, 1302]","[1302, 3088]","[3088, 6031]",0.05939689488108799,0.04965653288049493,0.39320571698626483,0.08035395995513811,0.47058530346193045,"[386, 48]","[1302, 386]","[3088, 1302]","[6031, 3088]","[193, 6031]",COMPLETE
79,79,1.0016858577728271,2023-04-04 18:57:18.164078,2023-04-04 18:57:20.786058,0 days 00:00:02.621980,1,103,0.0950173702035502,0.055844952516218405,0.38397072005713023,0.060970627708674084,0.47579035623291555,9.553447394881831e-05,5,Adam,"[48, 103]",0.0950173702035502,0.055844952516218405,0.38397072005713023,0.060970627708674084,0.47579035623291555,"[6031, 193]","[103, 48]","[48, 386]","[386, 1302]","[1302, 3088]","[3088, 6031]",0.0950173702035502,0.055844952516218405,0.38397072005713023,0.060970627708674084,0.47579035623291555,"[386, 48]","[1302, 386]","[3088, 1302]","[6031, 3088]","[193, 6031]",PRUNED
80,80,0.5545295476913452,2023-04-04 18:57:20.786862,2023-04-04 18:57:21.400505,0 days 00:00:00.613643,2,72,0.07415881048768452,0.03924989663483178,0.3684951710961155,0.07951078961944599,,0.00014889560387467942,4,Adam,"[48, 72]",0.07415881048768452,0.03924989663483178,0.3684951710961155,0.07951078961944599,,"[3088, 193]","[72, 48]","[48, 386]","[386, 1302]","[1302, 3088]",,0.07415881048768452,0.03924989663483178,0.3684951710961155,0.07951078961944599,,"[386, 48]","[1302, 386]","[3088, 1302]","[193, 3088]",,PRUNED
81,81,0.20215825736522675,2023-04-04 18:57:21.401279,2023-04-04 18:59:15.131288,0 days 00:01:53.730009,2,90,0.057703724398125864,0.07234699952089527,0.3944622735848193,0.09265276723114559,0.46685187457986577,0.00017542905187794457,5,Adam,"[48, 90]",0.057703724398125864,0.07234699952089527,0.3944622735848193,0.09265276723114559,0.46685187457986577,"[6031, 193]","[90, 48]","[48, 386]","[386, 1302]","[1302, 3088]","[3088, 6031]",0.057703724398125864,0.07234699952089527,0.3944622735848193,0.09265276723114559,0.46685187457986577,"[386, 48]","[1302, 386]","[3088, 1302]","[6031, 3088]","[193, 6031]",COMPLETE
82,82,0.19603531062602997,2023-04-04 18:59:15.132545,2023-04-04 19:01:08.863697,0 days 00:01:53.731152,2,91,0.04043679426686767,0.06903417211988797,0.3911895051466314,0.08984091902736363,0.46723549477689114,0.00016759183016912298,5,Adam,"[48, 91]",0.04043679426686767,0.06903417211988797,0.3911895051466314,0.08984091902736363,0.46723549477689114,"[6031, 193]","[91, 48]","[48, 386]","[386, 1302]","[1302, 3088]","[3088, 6031]",0.04043679426686767,0.06903417211988797,0.3911895051466314,0.08984091902736363,0.46723549477689114,"[386, 48]","[1302, 386]","[3088, 1302]","[6031, 3088]","[193, 6031]",COMPLETE
83,83,0.19154544174671173,2023-04-04 19:01:08.864786,2023-04-04 19:03:02.629979,0 days 00:01:53.765193,2,90,0.04121113908811114,0.07188119138522285,0.40171612601123435,0.047670841668797925,0.46698610445753413,0.00018900268686761906,5,Adam,"[48, 90]",0.04121113908811114,0.07188119138522285,0.40171612601123435,0.047670841668797925,0.46698610445753413,"[6031, 193]","[90, 48]","[48, 386]","[386, 1302]","[1302, 3088]","[3088, 6031]",0.04121113908811114,0.07188119138522285,0.40171612601123435,0.047670841668797925,0.46698610445753413,"[386, 48]","[1302, 386]","[3088, 1302]","[6031, 3088]","[193, 6031]",COMPLETE
84,84,0.5238381624221802,2023-04-04 19:03:02.631072,2023-04-04 19:03:05.252766,0 days 00:00:02.621694,2,90,0.041461528552466285,0.07132069287384031,0.3971094785714036,0.03736063415027593,0.46314284577175047,0.00010834008253175493,5,Adam,"[48, 90]",0.041461528552466285,0.07132069287384031,0.3971094785714036,0.03736063415027593,0.46314284577175047,"[6031, 193]","[90, 48]","[48, 386]","[386, 1302]","[1302, 3088]","[3088, 6031]",0.041461528552466285,0.07132069287384031,0.3971094785714036,0.03736063415027593,0.46314284577175047,"[386, 48]","[1302, 386]","[3088, 1302]","[6031, 3088]","[193, 6031]",PRUNED
85,85,0.16158035397529602,2023-04-04 19:03:05.253635,2023-04-04 19:04:59.091167,0 days 00:01:53.837532,2,105,0.018466218931798867,0.051282593352444145,0.39276499630119655,0.08472577367667068,0.45228605579797043,0.00017932328760556266,5,Adam,"[48, 105]",0.018466218931798867,0.051282593352444145,0.39276499630119655,0.08472577367667068,0.45228605579797043,"[6031, 193]","[105, 48]","[48, 386]","[386, 1302]","[1302, 3088]","[3088, 6031]",0.018466218931798867,0.051282593352444145,0.39276499630119655,0.08472577367667068,0.45228605579797043,"[386, 48]","[1302, 386]","[3088, 1302]","[6031, 3088]","[193, 6031]",COMPLETE
86,86,0.5462877750396729,2023-04-04 19:04:59.092348,2023-04-04 19:05:01.709420,0 days 00:00:02.617072,2,104,0.013212338195341074,0.01756440608691693,0.388484581474769,0.045299534638856255,0.44887436651207757,6.372007342675971e-05,5,Adam,"[48, 104]",0.013212338195341074,0.01756440608691693,0.388484581474769,0.045299534638856255,0.44887436651207757,"[6031, 193]","[104, 48]","[48, 386]","[386, 1302]","[1302, 3088]","[3088, 6031]",0.013212338195341074,0.01756440608691693,0.388484581474769,0.045299534638856255,0.44887436651207757,"[386, 48]","[1302, 386]","[3088, 1302]","[6031, 3088]","[193, 6031]",PRUNED
87,87,0.9477053880691528,2023-04-04 19:05:01.710228,2023-04-04 19:05:01.961758,0 days 00:00:00.251530,3,97,0.03465423123823774,0.048112613705604795,0.40406361211470115,,,0.0001888884055183464,3,Adam,"[48, 97]",0.03465423123823774,0.048112613705604795,0.40406361211470115,,,"[1302, 193]","[97, 48]","[48, 386]","[386, 1302]",,,0.03465423123823774,0.048112613705604795,0.40406361211470115,,,"[386, 48]","[1302, 386]","[193, 1302]",,,PRUNED
88,88,0.17040152847766876,2023-04-04 19:05:01.962488,2023-04-04 19:06:55.720295,0 days 00:01:53.757807,2,111,0.022080421696785195,0.03193440235627573,0.39415050239477945,0.07272102383915222,0.4748786066535156,0.00016446142451800188,5,Adam,"[48, 111]",0.022080421696785195,0.03193440235627573,0.39415050239477945,0.07272102383915222,0.4748786066535156,"[6031, 193]","[111, 48]","[48, 386]","[386, 1302]","[1302, 3088]","[3088, 6031]",0.022080421696785195,0.03193440235627573,0.39415050239477945,0.07272102383915222,0.4748786066535156,"[386, 48]","[1302, 386]","[3088, 1302]","[6031, 3088]","[193, 6031]",COMPLETE
89,89,0.8849032521247864,2023-04-04 19:06:55.721689,2023-04-04 19:06:55.941277,0 days 00:00:00.219588,2,118,0.017161700190570953,0.030319478987676188,,,,0.0001553197703652748,2,Adam,"[48, 118]",0.017161700190570953,0.030319478987676188,,,,"[386, 193]","[118, 48]","[48, 386]",,,,0.017161700190570953,0.030319478987676188,,,,"[386, 48]","[193, 386]",,,,PRUNED
90,90,0.5418003797531128,2023-04-04 19:06:55.941977,2023-04-04 19:06:58.564264,0 days 00:00:02.622287,2,110,0.019943445633622936,0.04815495980567842,0.3894067622019242,0.08041873610451963,0.47226406757447176,0.00012168710889699718,5,Adam,"[48, 110]",0.019943445633622936,0.04815495980567842,0.3894067622019242,0.08041873610451963,0.47226406757447176,"[6031, 193]","[110, 48]","[48, 386]","[386, 1302]","[1302, 3088]","[3088, 6031]",0.019943445633622936,0.04815495980567842,0.3894067622019242,0.08041873610451963,0.47226406757447176,"[386, 48]","[1302, 386]","[3088, 1302]","[6031, 3088]","[193, 6031]",PRUNED
91,91,0.1722099632024765,2023-04-04 19:06:58.565265,2023-04-04 19:08:52.322333,0 days 00:01:53.757068,2,111,0.03422195223054225,0.017874506120465594,0.39963887428637823,0.06669511231304993,0.4458960106903749,0.00020185834889009996,5,Adam,"[48, 111]",0.03422195223054225,0.017874506120465594,0.39963887428637823,0.06669511231304993,0.4458960106903749,"[6031, 193]","[111, 48]","[48, 386]","[386, 1302]","[1302, 3088]","[3088, 6031]",0.03422195223054225,0.017874506120465594,0.39963887428637823,0.06669511231304993,0.4458960106903749,"[386, 48]","[1302, 386]","[3088, 1302]","[6031, 3088]","[193, 6031]",COMPLETE
92,92,0.15879200398921967,2023-04-04 19:08:52.323390,2023-04-04 19:10:46.071704,0 days 00:01:53.748314,2,111,0.04094752664541129,0.014012613325320125,0.4038536498273553,0.06054571942211581,0.4406763838170783,0.0002238825163700551,5,Adam,"[48, 111]",0.04094752664541129,0.014012613325320125,0.4038536498273553,0.06054571942211581,0.4406763838170783,"[6031, 193]","[111, 48]","[48, 386]","[386, 1302]","[1302, 3088]","[3088, 6031]",0.04094752664541129,0.014012613325320125,0.4038536498273553,0.06054571942211581,0.4406763838170783,"[386, 48]","[1302, 386]","[3088, 1302]","[6031, 3088]","[193, 6031]",COMPLETE
93,93,0.18597835302352905,2023-04-04 19:10:46.072783,2023-04-04 19:12:39.824396,0 days 00:01:53.751613,2,111,0.03512966143001681,0.012662425946791414,0.3795231954674589,0.05821870414173563,0.4401395222086939,0.00022080390243009573,5,Adam,"[48, 111]",0.03512966143001681,0.012662425946791414,0.3795231954674589,0.05821870414173563,0.4401395222086939,"[6031, 193]","[111, 48]","[48, 386]","[386, 1302]","[1302, 3088]","[3088, 6031]",0.03512966143001681,0.012662425946791414,0.3795231954674589,0.05821870414173563,0.4401395222086939,"[386, 48]","[1302, 386]","[3088, 1302]","[6031, 3088]","[193, 6031]",COMPLETE
94,94,0.9568209648132324,2023-04-04 19:12:39.825575,2023-04-04 19:12:42.229390,0 days 00:00:02.403815,2,112,0.03124848428717096,0.00982180342563933,0.4350541945156507,0.05735968179171495,0.43956344422608373,0.00020746388279822543,5,SGD,"[48, 112]",0.03124848428717096,0.00982180342563933,0.4350541945156507,0.05735968179171495,0.43956344422608373,"[6031, 193]","[112, 48]","[48, 386]","[386, 1302]","[1302, 3088]","[3088, 6031]",0.03124848428717096,0.00982180342563933,0.4350541945156507,0.05735968179171495,0.43956344422608373,"[386, 48]","[1302, 386]","[3088, 1302]","[6031, 3088]","[193, 6031]",PRUNED
95,95,0.5803276300430298,2023-04-04 19:12:42.230401,2023-04-04 19:12:44.850196,0 days 00:00:02.619795,2,121,0.041980773685280026,0.020349046649199592,0.3756460637040425,0.02107699248434588,0.4441711679948746,0.00025148597895314464,5,Adam,"[48, 121]",0.041980773685280026,0.020349046649199592,0.3756460637040425,0.02107699248434588,0.4441711679948746,"[6031, 193]","[121, 48]","[48, 386]","[386, 1302]","[1302, 3088]","[3088, 6031]",0.041980773685280026,0.020349046649199592,0.3756460637040425,0.02107699248434588,0.4441711679948746,"[386, 48]","[1302, 386]","[3088, 1302]","[6031, 3088]","[193, 6031]",PRUNED
96,96,0.8802244067192078,2023-04-04 19:12:44.851161,2023-04-04 19:12:47.472466,0 days 00:00:02.621305,0,109,0.021245560111650456,0.00034173570722406676,0.4013599182969381,0.06738735734371325,0.4607999015611448,9.576121465810089e-05,5,Adam,"[48, 109]",0.021245560111650456,0.00034173570722406676,0.4013599182969381,0.06738735734371325,0.4607999015611448,"[6031, 193]","[109, 48]","[48, 386]","[386, 1302]","[1302, 3088]","[3088, 6031]",0.021245560111650456,0.00034173570722406676,0.4013599182969381,0.06738735734371325,0.4607999015611448,"[386, 48]","[1302, 386]","[3088, 1302]","[6031, 3088]","[193, 6031]",PRUNED
97,97,0.6490971446037292,2023-04-04 19:12:47.473509,2023-04-04 19:12:50.010815,0 days 00:00:02.537306,2,118,0.010434446831344032,0.03424448629792347,0.38263123893946344,0.050085225530617554,0.433283772237855,0.00014508895218507705,5,RMSprop,"[48, 118]",0.010434446831344032,0.03424448629792347,0.38263123893946344,0.050085225530617554,0.433283772237855,"[6031, 193]","[118, 48]","[48, 386]","[386, 1302]","[1302, 3088]","[3088, 6031]",0.010434446831344032,0.03424448629792347,0.38263123893946344,0.050085225530617554,0.433283772237855,"[386, 48]","[1302, 386]","[3088, 1302]","[6031, 3088]","[193, 6031]",PRUNED
98,98,0.7731148600578308,2023-04-04 19:12:50.011625,2023-04-04 19:12:52.637367,0 days 00:00:02.625742,4,107,0.04137329925158517,0.01102963849209853,0.424429380856025,0.09345810730723202,0.4495606795856108,6.87145348174352e-05,5,Adam,"[48, 107]",0.04137329925158517,0.01102963849209853,0.424429380856025,0.09345810730723202,0.4495606795856108,"[6031, 193]","[107, 48]","[48, 386]","[386, 1302]","[1302, 3088]","[3088, 6031]",0.04137329925158517,0.01102963849209853,0.424429380856025,0.09345810730723202,0.4495606795856108,"[386, 48]","[1302, 386]","[3088, 1302]","[6031, 3088]","[193, 6031]",PRUNED
99,99,0.16571356356143951,2023-04-04 19:12:52.638140,2023-04-04 19:14:46.044209,0 days 00:01:53.406069,2,100,0.0319914192980235,0.025442238236248214,0.361737048729445,0.027482521682740776,0.47533683082157946,0.0002478208746849558,5,Adam,"[48, 100]",0.0319914192980235,0.025442238236248214,0.361737048729445,0.027482521682740776,0.47533683082157946,"[6031, 193]","[100, 48]","[48, 386]","[386, 1302]","[1302, 3088]","[3088, 6031]",0.0319914192980235,0.025442238236248214,0.361737048729445,0.027482521682740776,0.47533683082157946,"[386, 48]","[1302, 386]","[3088, 1302]","[6031, 3088]","[193, 6031]",COMPLETE
