,number,value,datetime_start,datetime_complete,duration,params_activation,params_bottleneck_size,params_dropout_l1,params_dropout_l2,params_dropout_l3,params_dropout_l4,params_dropout_l5,params_dropout_l6,params_lr,params_n_layers,params_optimizer,user_attrs_bottleneck,user_attrs_decoder_dropout1,user_attrs_decoder_dropout2,user_attrs_decoder_dropout3,user_attrs_decoder_dropout4,user_attrs_decoder_dropout5,user_attrs_decoder_dropout6,user_attrs_decoder_final,user_attrs_decoder_layer1,user_attrs_decoder_layer2,user_attrs_decoder_layer3,user_attrs_decoder_layer4,user_attrs_decoder_layer5,user_attrs_decoder_layer6,user_attrs_encoder_dropout1,user_attrs_encoder_dropout2,user_attrs_encoder_dropout3,user_attrs_encoder_dropout4,user_attrs_encoder_dropout5,user_attrs_encoder_dropout6,user_attrs_encoder_layer1,user_attrs_encoder_layer2,user_attrs_encoder_layer3,user_attrs_encoder_layer4,user_attrs_encoder_layer5,user_attrs_encoder_layer6,state
0,0,0.4797731935977936,2023-04-05 10:23:00.166685,2023-04-05 10:23:10.105580,0 days 00:00:09.938895,5,44,0.38280630543434796,0.38725968873766137,,,,,0.004139846180945393,2,RMSprop,"[48, 44]",0.38280630543434796,0.38725968873766137,,,,,"[386, 193]","[44, 48]","[48, 386]",,,,,0.38280630543434796,0.38725968873766137,,,,,"[386, 48]","[193, 386]",,,,,COMPLETE
1,1,151127824.0,2023-04-05 10:23:10.106494,2023-04-05 10:29:40.845200,0 days 00:06:30.738706,2,91,0.44475915588226983,0.04981497359958881,0.04028297042941387,0.27516882883844307,0.30308664104905736,0.4903166703675993,0.0301873415256081,6,Adagrad,"[48, 91]",0.44475915588226983,0.04981497359958881,0.04028297042941387,0.27516882883844307,0.30308664104905736,0.4903166703675993,"[10422, 193]","[91, 48]","[48, 386]","[386, 1302]","[1302, 3088]","[3088, 6031]","[6031, 10422]",0.44475915588226983,0.04981497359958881,0.04028297042941387,0.27516882883844307,0.30308664104905736,0.4903166703675993,"[386, 48]","[1302, 386]","[3088, 1302]","[6031, 3088]","[10422, 6031]","[193, 10422]",COMPLETE
2,2,0.4763264060020447,2023-04-05 10:29:40.846553,2023-04-05 10:29:51.577421,0 days 00:00:10.730868,5,88,0.062175866824008774,0.3374198801315376,0.019877748448326293,,,,1.4463258200828162e-05,3,Adam,"[48, 88]",0.062175866824008774,0.3374198801315376,0.019877748448326293,,,,"[1302, 193]","[88, 48]","[48, 386]","[386, 1302]",,,,0.062175866824008774,0.3374198801315376,0.019877748448326293,,,,"[386, 48]","[1302, 386]","[193, 1302]",,,,COMPLETE
3,3,0.7156698703765869,2023-04-05 10:29:51.578429,2023-04-05 10:30:18.008940,0 days 00:00:26.430511,5,116,0.10437648170962155,0.01444685772991866,0.39748825355982925,0.025913739733935015,,,0.005511860819275482,4,Adam,"[48, 116]",0.10437648170962155,0.01444685772991866,0.39748825355982925,0.025913739733935015,,,"[3088, 193]","[116, 48]","[48, 386]","[386, 1302]","[1302, 3088]",,,0.10437648170962155,0.01444685772991866,0.39748825355982925,0.025913739733935015,,,"[386, 48]","[1302, 386]","[3088, 1302]","[193, 3088]",,,COMPLETE
4,4,0.9819924235343933,2023-04-05 10:30:18.010038,2023-04-05 10:32:07.234337,0 days 00:01:49.224299,0,121,0.23854957283048966,0.322351448189139,0.02377469482756439,0.11487552498146936,0.404703504756849,,0.006599465726624124,5,RMSprop,"[48, 121]",0.23854957283048966,0.322351448189139,0.02377469482756439,0.11487552498146936,0.404703504756849,,"[6031, 193]","[121, 48]","[48, 386]","[386, 1302]","[1302, 3088]","[3088, 6031]",,0.23854957283048966,0.322351448189139,0.02377469482756439,0.11487552498146936,0.404703504756849,,"[386, 48]","[1302, 386]","[3088, 1302]","[6031, 3088]","[193, 6031]",,COMPLETE
5,5,1.0005580186843872,2023-04-05 10:32:07.235371,2023-04-05 10:32:38.114726,0 days 00:00:30.879355,4,39,0.45612336481322063,0.42743775352527397,0.017614023285131064,0.2181623220224866,0.3332763082991898,0.22149323730399612,1.0206390697093859e-05,6,SGD,"[48, 39]",0.45612336481322063,0.42743775352527397,0.017614023285131064,0.2181623220224866,0.3332763082991898,0.22149323730399612,"[10422, 193]","[39, 48]","[48, 386]","[386, 1302]","[1302, 3088]","[3088, 6031]","[6031, 10422]",0.45612336481322063,0.42743775352527397,0.017614023285131064,0.2181623220224866,0.3332763082991898,0.22149323730399612,"[386, 48]","[1302, 386]","[3088, 1302]","[6031, 3088]","[10422, 6031]","[193, 10422]",PRUNED
6,6,40.033260345458984,2023-04-05 10:32:38.115573,2023-04-05 10:32:38.335636,0 days 00:00:00.220063,5,108,0.0005156307473506705,0.3579506769292031,0.0380823059802714,,,,0.0862413017610416,3,RMSprop,"[48, 108]",0.0005156307473506705,0.3579506769292031,0.0380823059802714,,,,"[1302, 193]","[108, 48]","[48, 386]","[386, 1302]",,,,0.0005156307473506705,0.3579506769292031,0.0380823059802714,,,,"[386, 48]","[1302, 386]","[193, 1302]",,,,PRUNED
7,7,1.0036860704421997,2023-04-05 10:32:38.336308,2023-04-05 10:32:46.893355,0 days 00:00:08.557047,1,118,0.2954527968657207,0.038419292752230494,0.37773051903079663,0.12890529691018537,0.20489442499502758,,0.00043017519634974444,5,SGD,"[48, 118]",0.2954527968657207,0.038419292752230494,0.37773051903079663,0.12890529691018537,0.20489442499502758,,"[6031, 193]","[118, 48]","[48, 386]","[386, 1302]","[1302, 3088]","[3088, 6031]",,0.2954527968657207,0.038419292752230494,0.37773051903079663,0.12890529691018537,0.20489442499502758,,"[386, 48]","[1302, 386]","[3088, 1302]","[6031, 3088]","[193, 6031]",,PRUNED
8,8,19580.65625,2023-04-05 10:32:46.894159,2023-04-05 10:32:49.373258,0 days 00:00:02.479099,2,98,0.15391603844237178,0.08087718611937811,0.22399336395119068,0.44272846592424686,0.4749883130866703,,0.012464816831699938,5,Adagrad,"[48, 98]",0.15391603844237178,0.08087718611937811,0.22399336395119068,0.44272846592424686,0.4749883130866703,,"[6031, 193]","[98, 48]","[48, 386]","[386, 1302]","[1302, 3088]","[3088, 6031]",,0.15391603844237178,0.08087718611937811,0.22399336395119068,0.44272846592424686,0.4749883130866703,,"[386, 48]","[1302, 386]","[3088, 1302]","[6031, 3088]","[193, 6031]",,PRUNED
9,9,1.0078489780426025,2023-04-05 10:32:49.374365,2023-04-05 10:32:50.153915,0 days 00:00:00.779550,0,114,0.11049186705536873,0.2954245935140343,,,,,0.0009384101005889428,2,SGD,"[48, 114]",0.11049186705536873,0.2954245935140343,,,,,"[386, 193]","[114, 48]","[48, 386]",,,,,0.11049186705536873,0.2954245935140343,,,,,"[386, 48]","[193, 386]",,,,,PRUNED
10,10,0.9717496633529663,2023-04-05 10:32:50.154614,2023-04-05 10:32:51.040524,0 days 00:00:00.885910,3,66,0.042570975906155994,0.47169575624653526,0.1731457726561923,,,,1.1693461240522748e-05,3,Adam,"[48, 66]",0.042570975906155994,0.47169575624653526,0.1731457726561923,,,,"[1302, 193]","[66, 48]","[48, 386]","[386, 1302]",,,,0.042570975906155994,0.47169575624653526,0.1731457726561923,,,,"[386, 48]","[1302, 386]","[193, 1302]",,,,PRUNED
11,11,0.4425191879272461,2023-04-05 10:32:51.041249,2023-04-05 10:33:00.786240,0 days 00:00:09.744991,5,67,0.343065435881837,0.2101570770587823,,,,,0.00012417256728490506,2,Adam,"[48, 67]",0.343065435881837,0.2101570770587823,,,,,"[386, 193]","[67, 48]","[48, 386]",,,,,0.343065435881837,0.2101570770587823,,,,,"[386, 48]","[193, 386]",,,,,COMPLETE
12,12,0.4349459111690521,2023-04-05 10:33:00.787172,2023-04-05 10:33:11.563806,0 days 00:00:10.776634,5,69,0.26307065812636876,0.20659253710993825,0.4952566730975549,,,,7.381086997397975e-05,3,Adam,"[48, 69]",0.26307065812636876,0.20659253710993825,0.4952566730975549,,,,"[1302, 193]","[69, 48]","[48, 386]","[386, 1302]",,,,0.26307065812636876,0.20659253710993825,0.4952566730975549,,,,"[386, 48]","[1302, 386]","[193, 1302]",,,,COMPLETE
13,13,0.44960665702819824,2023-04-05 10:33:11.564789,2023-04-05 10:33:21.301595,0 days 00:00:09.736806,5,65,0.3141011600283661,0.19923472234032633,,,,,9.109562950453397e-05,2,Adam,"[48, 65]",0.3141011600283661,0.19923472234032633,,,,,"[386, 193]","[65, 48]","[48, 386]",,,,,0.3141011600283661,0.19923472234032633,,,,,"[386, 48]","[193, 386]",,,,,COMPLETE
14,14,0.41775062680244446,2023-04-05 10:33:21.302571,2023-04-05 10:33:32.049870,0 days 00:00:10.747299,1,67,0.22470807955652458,0.22199557149219645,0.49286012869814433,,,,0.00014551451445435047,3,Adam,"[48, 67]",0.22470807955652458,0.22199557149219645,0.49286012869814433,,,,"[1302, 193]","[67, 48]","[48, 386]","[386, 1302]",,,,0.22470807955652458,0.22199557149219645,0.49286012869814433,,,,"[386, 48]","[1302, 386]","[193, 1302]",,,,COMPLETE
15,15,1.032322645187378,2023-04-05 10:33:32.050821,2023-04-05 10:33:32.673774,0 days 00:00:00.622953,1,51,0.20804848789879504,0.15454274031003518,0.4990843180449108,0.49469168033394256,,,0.00010339739258846284,4,Adam,"[48, 51]",0.20804848789879504,0.15454274031003518,0.4990843180449108,0.49469168033394256,,,"[3088, 193]","[51, 48]","[48, 386]","[386, 1302]","[1302, 3088]",,,0.20804848789879504,0.15454274031003518,0.4990843180449108,0.49469168033394256,,,"[386, 48]","[1302, 386]","[3088, 1302]","[193, 3088]",,,PRUNED
16,16,0.4167381227016449,2023-04-05 10:33:32.674607,2023-04-05 10:33:43.458677,0 days 00:00:10.784070,1,74,0.1949233955606536,0.249985328018412,0.49766503971756243,,,,0.0003579344984724079,3,Adam,"[48, 74]",0.1949233955606536,0.249985328018412,0.49766503971756243,,,,"[1302, 193]","[74, 48]","[48, 386]","[386, 1302]",,,,0.1949233955606536,0.249985328018412,0.49766503971756243,,,,"[386, 48]","[1302, 386]","[193, 1302]",,,,COMPLETE
17,17,0.4287331998348236,2023-04-05 10:33:43.459906,2023-04-05 10:34:10.270726,0 days 00:00:26.810820,1,78,0.2157354838779865,0.26747189095149343,0.4105110240124402,0.37179602338954193,,,0.00044836166957712306,4,Adam,"[48, 78]",0.2157354838779865,0.26747189095149343,0.4105110240124402,0.37179602338954193,,,"[3088, 193]","[78, 48]","[48, 386]","[386, 1302]","[1302, 3088]",,,0.2157354838779865,0.26747189095149343,0.4105110240124402,0.37179602338954193,,,"[386, 48]","[1302, 386]","[3088, 1302]","[193, 3088]",,,COMPLETE
18,18,0.4418715834617615,2023-04-05 10:34:10.271749,2023-04-05 10:34:20.402538,0 days 00:00:10.130789,1,55,0.1452217310816623,0.25826063039387176,0.3305551562670476,,,,0.0016342265441940897,3,Adagrad,"[48, 55]",0.1452217310816623,0.25826063039387176,0.3305551562670476,,,,"[1302, 193]","[55, 48]","[48, 386]","[386, 1302]",,,,0.1452217310816623,0.25826063039387176,0.3305551562670476,,,,"[386, 48]","[1302, 386]","[193, 1302]",,,,COMPLETE
19,19,0.3898470997810364,2023-04-05 10:34:20.403837,2023-04-05 10:34:47.210171,0 days 00:00:26.806334,1,81,0.18060422821505862,0.15715464629761752,0.45887755190425383,0.3532943619009761,,,0.0002697751320363801,4,Adam,"[48, 81]",0.18060422821505862,0.15715464629761752,0.45887755190425383,0.3532943619009761,,,"[3088, 193]","[81, 48]","[48, 386]","[386, 1302]","[1302, 3088]",,,0.18060422821505862,0.15715464629761752,0.45887755190425383,0.3532943619009761,,,"[386, 48]","[1302, 386]","[3088, 1302]","[193, 3088]",,,COMPLETE
20,20,0.3853079378604889,2023-04-05 10:34:47.211197,2023-04-05 10:35:13.987635,0 days 00:00:26.776438,3,78,0.1761235347896646,0.15110263898301157,0.4336411380994525,0.3365050675633628,,,0.0018666032052983064,4,Adam,"[48, 78]",0.1761235347896646,0.15110263898301157,0.4336411380994525,0.3365050675633628,,,"[3088, 193]","[78, 48]","[48, 386]","[386, 1302]","[1302, 3088]",,,0.1761235347896646,0.15110263898301157,0.4336411380994525,0.3365050675633628,,,"[386, 48]","[1302, 386]","[3088, 1302]","[193, 3088]",,,COMPLETE
21,21,0.38492581248283386,2023-04-05 10:35:13.988854,2023-04-05 10:35:40.765013,0 days 00:00:26.776159,3,78,0.17576831619037736,0.14190188462544412,0.442911289544375,0.3477325280640338,,,0.0016766040787832487,4,Adam,"[48, 78]",0.17576831619037736,0.14190188462544412,0.442911289544375,0.3477325280640338,,,"[3088, 193]","[78, 48]","[48, 386]","[386, 1302]","[1302, 3088]",,,0.17576831619037736,0.14190188462544412,0.442911289544375,0.3477325280640338,,,"[386, 48]","[1302, 386]","[3088, 1302]","[193, 3088]",,,COMPLETE
22,22,0.391805499792099,2023-04-05 10:35:40.766035,2023-04-05 10:36:07.547357,0 days 00:00:26.781322,3,86,0.17914368909322342,0.1275664927194189,0.43066244774959467,0.3538838392318313,,,0.001227340067829761,4,Adam,"[48, 86]",0.17914368909322342,0.1275664927194189,0.43066244774959467,0.3538838392318313,,,"[3088, 193]","[86, 48]","[48, 386]","[386, 1302]","[1302, 3088]",,,0.17914368909322342,0.1275664927194189,0.43066244774959467,0.3538838392318313,,,"[386, 48]","[1302, 386]","[3088, 1302]","[193, 3088]",,,COMPLETE
23,23,0.6887931823730469,2023-04-05 10:36:07.548395,2023-04-05 10:36:16.933351,0 days 00:00:09.384956,3,80,0.16493028341811714,0.13591680870825631,0.33755786701937274,0.33357556613753303,0.024583477964578326,,0.002172389471879629,5,Adam,"[48, 80]",0.16493028341811714,0.13591680870825631,0.33755786701937274,0.33357556613753303,0.024583477964578326,,"[6031, 193]","[80, 48]","[48, 386]","[386, 1302]","[1302, 3088]","[3088, 6031]",,0.16493028341811714,0.13591680870825631,0.33755786701937274,0.33357556613753303,0.024583477964578326,,"[386, 48]","[1302, 386]","[3088, 1302]","[6031, 3088]","[193, 6031]",,PRUNED
24,24,0.4323808252811432,2023-04-05 10:36:16.934265,2023-04-05 10:36:43.709585,0 days 00:00:26.775320,3,103,0.2722760301648832,0.08944635199732875,0.4418199111522505,0.3830573663554633,,,0.0021710410672611266,4,Adam,"[48, 103]",0.2722760301648832,0.08944635199732875,0.4418199111522505,0.3830573663554633,,,"[3088, 193]","[103, 48]","[48, 386]","[386, 1302]","[1302, 3088]",,,0.2722760301648832,0.08944635199732875,0.4418199111522505,0.3830573663554633,,,"[386, 48]","[1302, 386]","[3088, 1302]","[193, 3088]",,,COMPLETE
25,25,0.6646894216537476,2023-04-05 10:36:43.710955,2023-04-05 10:36:53.124442,0 days 00:00:09.413487,3,57,0.24699773315565463,0.16659601322097575,0.4429975686930114,0.290839311203067,0.16807147319778856,,0.0007098232607382471,5,Adam,"[48, 57]",0.24699773315565463,0.16659601322097575,0.4429975686930114,0.290839311203067,0.16807147319778856,,"[6031, 193]","[57, 48]","[48, 386]","[386, 1302]","[1302, 3088]","[3088, 6031]",,0.24699773315565463,0.16659601322097575,0.4429975686930114,0.290839311203067,0.16807147319778856,,"[386, 48]","[1302, 386]","[3088, 1302]","[6031, 3088]","[193, 6031]",,PRUNED
26,26,1468.0018310546875,2023-04-05 10:36:53.125184,2023-04-05 10:36:53.723044,0 days 00:00:00.597860,4,95,0.13243439691852177,0.09724698623151204,0.35945941820305405,0.40079891712584026,,,0.00284148176017663,4,RMSprop,"[48, 95]",0.13243439691852177,0.09724698623151204,0.35945941820305405,0.40079891712584026,,,"[3088, 193]","[95, 48]","[48, 386]","[386, 1302]","[1302, 3088]",,,0.13243439691852177,0.09724698623151204,0.35945941820305405,0.40079891712584026,,,"[386, 48]","[1302, 386]","[3088, 1302]","[193, 3088]",,,PRUNED
27,27,1.0082643032073975,2023-04-05 10:36:53.724036,2023-04-05 10:36:54.284365,0 days 00:00:00.560329,3,84,0.1841799626148615,0.1652388894664271,0.29358252693355796,0.31406309225019574,,,0.0010634128047050007,4,SGD,"[48, 84]",0.1841799626148615,0.1652388894664271,0.29358252693355796,0.31406309225019574,,,"[3088, 193]","[84, 48]","[48, 386]","[386, 1302]","[1302, 3088]",,,0.1841799626148615,0.1652388894664271,0.29358252693355796,0.31406309225019574,,,"[386, 48]","[1302, 386]","[3088, 1302]","[193, 3088]",,,PRUNED
28,28,1.0718594789505005,2023-04-05 10:36:54.285422,2023-04-05 10:36:54.868383,0 days 00:00:00.582961,3,72,0.1111381582804329,0.17988103330593466,0.4420311816049066,0.25842885609104116,,,0.011121821671099028,4,Adagrad,"[48, 72]",0.1111381582804329,0.17988103330593466,0.4420311816049066,0.25842885609104116,,,"[3088, 193]","[72, 48]","[48, 386]","[386, 1302]","[1302, 3088]",,,0.1111381582804329,0.17988103330593466,0.4420311816049066,0.25842885609104116,,,"[386, 48]","[1302, 386]","[3088, 1302]","[193, 3088]",,,PRUNED
29,29,143.42440795898438,2023-04-05 10:36:54.870229,2023-04-05 10:36:57.401980,0 days 00:00:02.531751,3,33,0.19867075348188304,0.1149660945803882,0.3851924294334582,0.4188280456704183,0.011834648384914936,,0.0025721973298266066,5,RMSprop,"[48, 33]",0.19867075348188304,0.1149660945803882,0.3851924294334582,0.4188280456704183,0.011834648384914936,,"[6031, 193]","[33, 48]","[48, 386]","[386, 1302]","[1302, 3088]","[3088, 6031]",,0.19867075348188304,0.1149660945803882,0.3851924294334582,0.4188280456704183,0.011834648384914936,,"[386, 48]","[1302, 386]","[3088, 1302]","[6031, 3088]","[193, 6031]",,PRUNED
30,30,0.655412495136261,2023-04-05 10:36:57.402739,2023-04-05 10:37:00.149250,0 days 00:00:02.746511,0,78,0.1642094726117999,0.13877624254883167,0.4583467787197555,0.3267405963391522,,,0.00023342623597561588,4,Adam,"[48, 78]",0.1642094726117999,0.13877624254883167,0.4583467787197555,0.3267405963391522,,,"[3088, 193]","[78, 48]","[48, 386]","[386, 1302]","[1302, 3088]",,,0.1642094726117999,0.13877624254883167,0.4583467787197555,0.3267405963391522,,,"[386, 48]","[1302, 386]","[3088, 1302]","[193, 3088]",,,PRUNED
31,31,0.4174639582633972,2023-04-05 10:37:00.150267,2023-04-05 10:37:26.917583,0 days 00:00:26.767316,3,86,0.1939839861341715,0.11553168831408557,0.4078291839045624,0.34698402995296773,,,0.0010709446568428983,4,Adam,"[48, 86]",0.1939839861341715,0.11553168831408557,0.4078291839045624,0.34698402995296773,,,"[3088, 193]","[86, 48]","[48, 386]","[386, 1302]","[1302, 3088]",,,0.1939839861341715,0.11553168831408557,0.4078291839045624,0.34698402995296773,,,"[386, 48]","[1302, 386]","[3088, 1302]","[193, 3088]",,,COMPLETE
32,32,0.6574693918228149,2023-04-05 10:37:26.918683,2023-04-05 10:37:29.104745,0 days 00:00:02.186062,3,92,0.23817176451633876,0.07260799354865542,0.45675893246618604,0.37583519257000836,,,0.0034291118897629095,4,Adam,"[48, 92]",0.23817176451633876,0.07260799354865542,0.45675893246618604,0.37583519257000836,,,"[3088, 193]","[92, 48]","[48, 386]","[386, 1302]","[1302, 3088]",,,0.23817176451633876,0.07260799354865542,0.45675893246618604,0.37583519257000836,,,"[386, 48]","[1302, 386]","[3088, 1302]","[193, 3088]",,,PRUNED
33,33,1.8659051656723022,2023-04-05 10:37:29.105579,2023-04-05 10:37:31.718055,0 days 00:00:02.612476,2,83,0.16447959127810163,0.12668916304665068,0.4061779174745456,0.34145547708740204,0.4908684506918076,,0.001365761139447097,5,Adam,"[48, 83]",0.16447959127810163,0.12668916304665068,0.4061779174745456,0.34145547708740204,0.4908684506918076,,"[6031, 193]","[83, 48]","[48, 386]","[386, 1302]","[1302, 3088]","[3088, 6031]",,0.16447959127810163,0.12668916304665068,0.4061779174745456,0.34145547708740204,0.4908684506918076,,"[386, 48]","[1302, 386]","[3088, 1302]","[6031, 3088]","[193, 6031]",,PRUNED
34,34,0.6673864126205444,2023-04-05 10:37:31.719064,2023-04-05 10:38:05.662714,0 days 00:00:33.943650,3,89,0.1322735609016621,0.0543008896573237,0.42664589275777165,0.2995636237840115,0.1335470836272633,0.016380805813308974,0.0006807383150173488,6,Adam,"[48, 89]",0.1322735609016621,0.0543008896573237,0.42664589275777165,0.2995636237840115,0.1335470836272633,0.016380805813308974,"[10422, 193]","[89, 48]","[48, 386]","[386, 1302]","[1302, 3088]","[3088, 6031]","[6031, 10422]",0.1322735609016621,0.0543008896573237,0.42664589275777165,0.2995636237840115,0.1335470836272633,0.016380805813308974,"[386, 48]","[1302, 386]","[3088, 1302]","[6031, 3088]","[10422, 6031]","[193, 10422]",PRUNED
35,35,1.749651312828064,2023-04-05 10:38:05.663771,2023-04-05 10:38:06.274165,0 days 00:00:00.610394,4,100,0.08647353021074249,0.1794331533242844,0.4676415642734225,0.4345828185788793,,,0.005048178865400729,4,Adam,"[48, 100]",0.08647353021074249,0.1794331533242844,0.4676415642734225,0.4345828185788793,,,"[3088, 193]","[100, 48]","[48, 386]","[386, 1302]","[1302, 3088]",,,0.08647353021074249,0.1794331533242844,0.4676415642734225,0.4345828185788793,,,"[386, 48]","[1302, 386]","[3088, 1302]","[193, 3088]",,,PRUNED
36,36,0.6681756973266602,2023-04-05 10:38:06.274953,2023-04-05 10:38:08.393653,0 days 00:00:02.118700,3,126,0.17554645640910171,0.14367155020793107,0.42222745414048846,0.3578701619741281,,,0.0013088546433669996,4,Adagrad,"[48, 126]",0.17554645640910171,0.14367155020793107,0.42222745414048846,0.3578701619741281,,,"[3088, 193]","[126, 48]","[48, 386]","[386, 1302]","[1302, 3088]",,,0.17554645640910171,0.14367155020793107,0.42222745414048846,0.3578701619741281,,,"[386, 48]","[1302, 386]","[3088, 1302]","[193, 3088]",,,PRUNED
37,37,68.05357360839844,2023-04-05 10:38:08.394518,2023-04-05 10:38:11.008885,0 days 00:00:02.614367,2,91,0.22217394318775593,0.10737458248364763,0.3746020554356655,0.2392266956319839,0.26558351208456954,,0.00413817752543337,5,Adam,"[48, 91]",0.22217394318775593,0.10737458248364763,0.3746020554356655,0.2392266956319839,0.26558351208456954,,"[6031, 193]","[91, 48]","[48, 386]","[386, 1302]","[1302, 3088]","[3088, 6031]",,0.22217394318775593,0.10737458248364763,0.3746020554356655,0.2392266956319839,0.26558351208456954,,"[386, 48]","[1302, 386]","[3088, 1302]","[6031, 3088]","[193, 6031]",,PRUNED
38,38,0.6542752385139465,2023-04-05 10:38:11.009677,2023-04-05 10:38:12.129637,0 days 00:00:01.119960,3,60,0.4977720336078788,0.013705383897485407,0.47251665046198743,,,,0.0007665664659826822,3,RMSprop,"[48, 60]",0.4977720336078788,0.013705383897485407,0.47251665046198743,,,,"[1302, 193]","[60, 48]","[48, 386]","[386, 1302]",,,,0.4977720336078788,0.013705383897485407,0.47251665046198743,,,,"[386, 48]","[1302, 386]","[193, 1302]",,,,PRUNED
39,39,1.0718108415603638,2023-04-05 10:38:12.130713,2023-04-05 10:38:14.533860,0 days 00:00:02.403147,0,74,0.13331042192079823,0.04940101979171663,0.4319468216158632,0.3982779775034557,0.3779190310850056,,0.007579863476579323,5,SGD,"[48, 74]",0.13331042192079823,0.04940101979171663,0.4319468216158632,0.3982779775034557,0.3779190310850056,,"[6031, 193]","[74, 48]","[48, 386]","[386, 1302]","[1302, 3088]","[3088, 6031]",,0.13331042192079823,0.04940101979171663,0.4319468216158632,0.3982779775034557,0.3779190310850056,,"[386, 48]","[1302, 386]","[3088, 1302]","[6031, 3088]","[193, 6031]",,PRUNED
40,40,0.2423044741153717,2023-04-05 10:38:14.534632,2023-04-05 10:38:41.364570,0 days 00:00:26.829938,4,83,0.07514886983033164,5.520592866686824e-05,0.39916910618585216,0.30519778005295145,,,0.002026225956836564,4,Adam,"[48, 83]",0.07514886983033164,5.520592866686824e-05,0.39916910618585216,0.30519778005295145,,,"[3088, 193]","[83, 48]","[48, 386]","[386, 1302]","[1302, 3088]",,,0.07514886983033164,5.520592866686824e-05,0.39916910618585216,0.30519778005295145,,,"[386, 48]","[1302, 386]","[3088, 1302]","[193, 3088]",,,COMPLETE
41,41,0.23367978632450104,2023-04-05 10:38:41.365623,2023-04-05 10:39:08.152573,0 days 00:00:26.786950,4,82,0.08145204069723769,0.028253913909928957,0.3980686387392152,0.30575915117005237,,,0.0016890636886414952,4,Adam,"[48, 82]",0.08145204069723769,0.028253913909928957,0.3980686387392152,0.30575915117005237,,,"[3088, 193]","[82, 48]","[48, 386]","[386, 1302]","[1302, 3088]",,,0.08145204069723769,0.028253913909928957,0.3980686387392152,0.30575915117005237,,,"[386, 48]","[1302, 386]","[3088, 1302]","[193, 3088]",,,COMPLETE
42,42,0.2103556990623474,2023-04-05 10:39:08.153567,2023-04-05 10:39:34.598838,0 days 00:00:26.445271,4,80,0.06771307094285306,0.0007281970399223601,0.3844057352155013,0.3039794954016792,,,0.0017990954755686976,4,Adam,"[48, 80]",0.06771307094285306,0.0007281970399223601,0.3844057352155013,0.3039794954016792,,,"[3088, 193]","[80, 48]","[48, 386]","[386, 1302]","[1302, 3088]",,,0.06771307094285306,0.0007281970399223601,0.3844057352155013,0.3039794954016792,,,"[386, 48]","[1302, 386]","[3088, 1302]","[193, 3088]",,,COMPLETE
43,43,0.22157235443592072,2023-04-05 10:39:34.599985,2023-04-05 10:40:01.041811,0 days 00:00:26.441826,4,76,0.05980862037637053,0.002057064504793923,0.38167905693486875,0.2833622258974239,,,0.0019370455375030712,4,Adam,"[48, 76]",0.05980862037637053,0.002057064504793923,0.38167905693486875,0.2833622258974239,,,"[3088, 193]","[76, 48]","[48, 386]","[386, 1302]","[1302, 3088]",,,0.05980862037637053,0.002057064504793923,0.38167905693486875,0.2833622258974239,,,"[386, 48]","[1302, 386]","[3088, 1302]","[193, 3088]",,,COMPLETE
44,44,0.20806513726711273,2023-04-05 10:40:01.042852,2023-04-05 10:40:11.902702,0 days 00:00:10.859850,4,73,0.053337008154114525,0.0037636881282938337,0.38812392205404445,,,,0.0033247088248992865,3,Adam,"[48, 73]",0.053337008154114525,0.0037636881282938337,0.38812392205404445,,,,"[1302, 193]","[73, 48]","[48, 386]","[386, 1302]",,,,0.053337008154114525,0.0037636881282938337,0.38812392205404445,,,,"[386, 48]","[1302, 386]","[193, 1302]",,,,COMPLETE
45,45,0.215511754155159,2023-04-05 10:40:11.903725,2023-04-05 10:40:22.693481,0 days 00:00:10.789756,4,62,0.055811398690943405,0.005291175030726884,0.35864371076512414,,,,0.003356303497433423,3,Adam,"[48, 62]",0.055811398690943405,0.005291175030726884,0.35864371076512414,,,,"[1302, 193]","[62, 48]","[48, 386]","[386, 1302]",,,,0.055811398690943405,0.005291175030726884,0.35864371076512414,,,,"[386, 48]","[1302, 386]","[193, 1302]",,,,COMPLETE
46,46,1.05014967918396,2023-04-05 10:40:22.694440,2023-04-05 10:40:22.921347,0 days 00:00:00.226907,4,46,0.038349810125943656,0.020175281259658267,0.36249455146839593,,,,0.004701261968161422,3,SGD,"[48, 46]",0.038349810125943656,0.020175281259658267,0.36249455146839593,,,,"[1302, 193]","[46, 48]","[48, 386]","[386, 1302]",,,,0.038349810125943656,0.020175281259658267,0.36249455146839593,,,,"[386, 48]","[1302, 386]","[193, 1302]",,,,PRUNED
47,47,0.5091302394866943,2023-04-05 10:40:22.922058,2023-04-05 10:40:32.675268,0 days 00:00:09.753210,4,62,0.01939615954039401,0.034160234615752426,,,,,0.007940293880012918,2,Adam,"[48, 62]",0.01939615954039401,0.034160234615752426,,,,,"[386, 193]","[62, 48]","[48, 386]",,,,,0.01939615954039401,0.034160234615752426,,,,,"[386, 48]","[193, 386]",,,,,COMPLETE
48,48,0.26400360465049744,2023-04-05 10:40:32.676329,2023-04-05 10:40:42.832520,0 days 00:00:10.156191,4,72,0.05701092079146766,0.001732668777743588,0.34186516991523375,,,,0.003136293185337012,3,Adagrad,"[48, 72]",0.05701092079146766,0.001732668777743588,0.34186516991523375,,,,"[1302, 193]","[72, 48]","[48, 386]","[386, 1302]",,,,0.05701092079146766,0.001732668777743588,0.34186516991523375,,,,"[386, 48]","[1302, 386]","[193, 1302]",,,,COMPLETE
49,49,5280.439453125,2023-04-05 10:40:42.833513,2023-04-05 10:40:43.073553,0 days 00:00:00.240040,4,62,0.006170844217627702,0.029592012876224313,0.3053975852696318,,,,0.02042625556693188,3,RMSprop,"[48, 62]",0.006170844217627702,0.029592012876224313,0.3053975852696318,,,,"[1302, 193]","[62, 48]","[48, 386]","[386, 1302]",,,,0.006170844217627702,0.029592012876224313,0.3053975852696318,,,,"[386, 48]","[1302, 386]","[193, 1302]",,,,PRUNED
50,50,0.24471308290958405,2023-04-05 10:40:43.074252,2023-04-05 10:40:53.863403,0 days 00:00:10.789151,4,71,0.08251517959551366,0.05191439174003385,0.3890378231045916,,,,0.003532954921008008,3,Adam,"[48, 71]",0.08251517959551366,0.05191439174003385,0.3890378231045916,,,,"[1302, 193]","[71, 48]","[48, 386]","[386, 1302]",,,,0.08251517959551366,0.05191439174003385,0.3890378231045916,,,,"[386, 48]","[1302, 386]","[193, 1302]",,,,COMPLETE
51,51,0.9934664964675903,2023-04-05 10:40:53.864381,2023-04-05 10:41:04.629149,0 days 00:00:10.764768,4,75,0.07399042125592999,0.0075341742508577905,0.39129166943536153,,,,0.005567171600121366,3,Adam,"[48, 75]",0.07399042125592999,0.0075341742508577905,0.39129166943536153,,,,"[1302, 193]","[75, 48]","[48, 386]","[386, 1302]",,,,0.07399042125592999,0.0075341742508577905,0.39129166943536153,,,,"[386, 48]","[1302, 386]","[193, 1302]",,,,COMPLETE
52,52,0.1712242066860199,2023-04-05 10:41:04.630214,2023-04-05 10:41:14.374897,0 days 00:00:09.744683,4,67,0.05464064703363431,0.0033530954380194974,,,,,0.0024010467855370156,2,Adam,"[48, 67]",0.05464064703363431,0.0033530954380194974,,,,,"[386, 193]","[67, 48]","[48, 386]",,,,,0.05464064703363431,0.0033530954380194974,,,,,"[386, 48]","[193, 386]",,,,,COMPLETE
53,53,0.16999289393424988,2023-04-05 10:41:14.377145,2023-04-05 10:41:24.116565,0 days 00:00:09.739420,4,68,0.04450982965238978,0.02327232579179811,,,,,0.0025824034821156586,2,Adam,"[48, 68]",0.04450982965238978,0.02327232579179811,,,,,"[386, 193]","[68, 48]","[48, 386]",,,,,0.04450982965238978,0.02327232579179811,,,,,"[386, 48]","[193, 386]",,,,,COMPLETE
54,54,0.18047428131103516,2023-04-05 10:41:24.117507,2023-04-05 10:41:33.879029,0 days 00:00:09.761522,4,66,0.043910841770825666,0.06648841204019373,,,,,0.002882710990062641,2,Adam,"[48, 66]",0.043910841770825666,0.06648841204019373,,,,,"[386, 193]","[66, 48]","[48, 386]",,,,,0.043910841770825666,0.06648841204019373,,,,,"[386, 48]","[193, 386]",,,,,COMPLETE
55,55,0.1685735136270523,2023-04-05 10:41:33.880385,2023-04-05 10:41:43.617277,0 days 00:00:09.736892,4,51,0.03173908903737492,0.06923284089508641,,,,,0.003969078400725985,2,Adam,"[48, 51]",0.03173908903737492,0.06923284089508641,,,,,"[386, 193]","[51, 48]","[48, 386]",,,,,0.03173908903737492,0.06923284089508641,,,,,"[386, 48]","[193, 386]",,,,,COMPLETE
56,56,0.1490543931722641,2023-04-05 10:41:43.618181,2023-04-05 10:41:53.350379,0 days 00:00:09.732198,4,54,0.022165782320708576,0.07072398305049753,,,,,0.007574939659428468,2,Adam,"[48, 54]",0.022165782320708576,0.07072398305049753,,,,,"[386, 193]","[54, 48]","[48, 386]",,,,,0.022165782320708576,0.07072398305049753,,,,,"[386, 48]","[193, 386]",,,,,COMPLETE
57,57,0.41102325916290283,2023-04-05 10:41:53.351287,2023-04-05 10:42:03.131123,0 days 00:00:09.779836,4,47,0.027919430787402062,0.07164520380338611,,,,,0.006850511143949647,2,Adam,"[48, 47]",0.027919430787402062,0.07164520380338611,,,,,"[386, 193]","[47, 48]","[48, 386]",,,,,0.027919430787402062,0.07164520380338611,,,,,"[386, 48]","[193, 386]",,,,,COMPLETE
58,58,0.1542072892189026,2023-04-05 10:42:03.132067,2023-04-05 10:42:12.924016,0 days 00:00:09.791949,4,50,0.0012180898503356477,0.06357418422454832,,,,,0.011419547020855507,2,Adam,"[48, 50]",0.0012180898503356477,0.06357418422454832,,,,,"[386, 193]","[50, 48]","[48, 386]",,,,,0.0012180898503356477,0.06357418422454832,,,,,"[386, 48]","[193, 386]",,,,,COMPLETE
59,59,0.983540415763855,2023-04-05 10:42:12.925040,2023-04-05 10:42:13.124007,0 days 00:00:00.198967,4,52,0.009852623073287811,0.06679750633592767,,,,,0.013179712554430482,2,SGD,"[48, 52]",0.009852623073287811,0.06679750633592767,,,,,"[386, 193]","[52, 48]","[48, 386]",,,,,0.009852623073287811,0.06679750633592767,,,,,"[386, 48]","[193, 386]",,,,,PRUNED
60,60,1.5431115627288818,2023-04-05 10:42:13.124832,2023-04-05 10:42:13.343123,0 days 00:00:00.218291,5,43,0.03303772472164037,0.0890779406095793,,,,,0.03627899077121562,2,Adam,"[48, 43]",0.03303772472164037,0.0890779406095793,,,,,"[386, 193]","[43, 48]","[48, 386]",,,,,0.03303772472164037,0.0890779406095793,,,,,"[386, 48]","[193, 386]",,,,,PRUNED
61,61,0.1383914351463318,2023-04-05 10:42:13.344222,2023-04-05 10:42:23.300738,0 days 00:00:09.956516,4,54,0.022249932896000673,0.038835556369064494,,,,,0.004397698873142997,2,Adam,"[48, 54]",0.022249932896000673,0.038835556369064494,,,,,"[386, 193]","[54, 48]","[48, 386]",,,,,0.022249932896000673,0.038835556369064494,,,,,"[386, 48]","[193, 386]",,,,,COMPLETE
62,62,0.15532951056957245,2023-04-05 10:42:23.301661,2023-04-05 10:42:33.047299,0 days 00:00:09.745638,4,54,0.020970763084623593,0.0465169012407116,,,,,0.009020550977602758,2,Adam,"[48, 54]",0.020970763084623593,0.0465169012407116,,,,,"[386, 193]","[54, 48]","[48, 386]",,,,,0.020970763084623593,0.0465169012407116,,,,,"[386, 48]","[193, 386]",,,,,COMPLETE
63,63,0.16533808410167694,2023-04-05 10:42:33.048226,2023-04-05 10:42:42.787969,0 days 00:00:09.739743,4,54,0.002406322930340505,0.039550886484303244,,,,,0.00575471345095946,2,Adam,"[48, 54]",0.002406322930340505,0.039550886484303244,,,,,"[386, 193]","[54, 48]","[48, 386]",,,,,0.002406322930340505,0.039550886484303244,,,,,"[386, 48]","[193, 386]",,,,,COMPLETE
64,64,0.7726216316223145,2023-04-05 10:42:42.788903,2023-04-05 10:42:52.637287,0 days 00:00:09.848384,4,51,0.016566636417459132,0.035813989091908964,,,,,0.008873370602332887,2,Adam,"[48, 51]",0.016566636417459132,0.035813989091908964,,,,,"[386, 193]","[51, 48]","[48, 386]",,,,,0.016566636417459132,0.035813989091908964,,,,,"[386, 48]","[193, 386]",,,,,COMPLETE
65,65,0.13003794848918915,2023-04-05 10:42:52.638279,2023-04-05 10:43:02.406501,0 days 00:00:09.768222,4,40,0.0019722251565664484,0.04677919807469984,,,,,0.005616715762513321,2,Adam,"[48, 40]",0.0019722251565664484,0.04677919807469984,,,,,"[386, 193]","[40, 48]","[48, 386]",,,,,0.0019722251565664484,0.04677919807469984,,,,,"[386, 48]","[193, 386]",,,,,COMPLETE
66,66,0.4700169861316681,2023-04-05 10:43:02.407574,2023-04-05 10:43:02.799826,0 days 00:00:00.392252,4,38,0.0013178263464364692,0.0826658402770416,,,,,0.005319733008368801,2,Adagrad,"[48, 38]",0.0013178263464364692,0.0826658402770416,,,,,"[386, 193]","[38, 48]","[48, 386]",,,,,0.0013178263464364692,0.0826658402770416,,,,,"[386, 48]","[193, 386]",,,,,PRUNED
67,67,0.48583951592445374,2023-04-05 10:43:02.800545,2023-04-05 10:43:03.238822,0 days 00:00:00.438277,4,55,0.025551924065709164,0.09832572406330203,,,,,0.01659521685288472,2,Adam,"[48, 55]",0.025551924065709164,0.09832572406330203,,,,,"[386, 193]","[55, 48]","[48, 386]",,,,,0.025551924065709164,0.09832572406330203,,,,,"[386, 48]","[193, 386]",,,,,PRUNED
68,68,0.8125988841056824,2023-04-05 10:43:03.239600,2023-04-05 10:43:13.372259,0 days 00:00:10.132659,2,39,0.00431323290827981,0.05321972432516295,,,,,0.00986972108915996,2,Adam,"[48, 39]",0.00431323290827981,0.05321972432516295,,,,,"[386, 193]","[39, 48]","[48, 386]",,,,,0.00431323290827981,0.05321972432516295,,,,,"[386, 48]","[193, 386]",,,,,COMPLETE
69,69,1.0004477500915527,2023-04-05 10:43:13.373462,2023-04-05 10:43:13.587374,0 days 00:00:00.213912,0,42,0.02163762331607822,0.04090641658687917,,,,,0.011457580964185478,2,RMSprop,"[48, 42]",0.02163762331607822,0.04090641658687917,,,,,"[386, 193]","[42, 48]","[48, 386]",,,,,0.02163762331607822,0.04090641658687917,,,,,"[386, 48]","[193, 386]",,,,,PRUNED
70,70,0.5155102014541626,2023-04-05 10:43:13.588208,2023-04-05 10:43:13.996435,0 days 00:00:00.408227,5,34,0.025937653887197102,0.060925448045818634,,,,,0.006088029034762252,2,Adam,"[48, 34]",0.025937653887197102,0.060925448045818634,,,,,"[386, 193]","[34, 48]","[48, 386]",,,,,0.025937653887197102,0.060925448045818634,,,,,"[386, 48]","[193, 386]",,,,,PRUNED
71,71,0.1640297919511795,2023-04-05 10:43:13.997322,2023-04-05 10:43:24.043646,0 days 00:00:10.046324,4,48,0.03326484948017217,0.022528099439986633,,,,,0.0045875312534851415,2,Adam,"[48, 48]",0.03326484948017217,0.022528099439986633,,,,,"[386, 193]","[48, 48]","[48, 386]",,,,,0.03326484948017217,0.022528099439986633,,,,,"[386, 48]","[193, 386]",,,,,COMPLETE
72,72,0.12368888407945633,2023-04-05 10:43:24.044605,2023-04-05 10:43:33.804389,0 days 00:00:09.759784,4,49,0.001937135310362615,0.0391607209964307,,,,,0.004508816883337908,2,Adam,"[48, 49]",0.001937135310362615,0.0391607209964307,,,,,"[386, 193]","[49, 48]","[48, 386]",,,,,0.001937135310362615,0.0391607209964307,,,,,"[386, 48]","[193, 386]",,,,,COMPLETE
73,73,0.5865301489830017,2023-04-05 10:43:33.805317,2023-04-05 10:43:43.774136,0 days 00:00:09.968819,4,47,0.011621844856545714,0.04159028440536647,,,,,0.006061764234128856,2,Adam,"[48, 47]",0.011621844856545714,0.04159028440536647,,,,,"[386, 193]","[47, 48]","[48, 386]",,,,,0.011621844856545714,0.04159028440536647,,,,,"[386, 48]","[193, 386]",,,,,COMPLETE
74,74,0.18781302869319916,2023-04-05 10:43:43.775310,2023-04-05 10:43:53.568988,0 days 00:00:09.793678,4,58,0.04014391503229448,0.0825225982741166,,,,,0.008424164690692857,2,Adam,"[48, 58]",0.04014391503229448,0.0825225982741166,,,,,"[386, 193]","[58, 48]","[48, 386]",,,,,0.04014391503229448,0.0825225982741166,,,,,"[386, 48]","[193, 386]",,,,,COMPLETE
75,75,0.11103236675262451,2023-04-05 10:43:53.569998,2023-04-05 10:44:03.480447,0 days 00:00:09.910449,4,53,0.0010135624437511007,0.020071279912825334,,,,,0.004624863844925264,2,Adam,"[48, 53]",0.0010135624437511007,0.020071279912825334,,,,,"[386, 193]","[53, 48]","[48, 386]",,,,,0.0010135624437511007,0.020071279912825334,,,,,"[386, 48]","[193, 386]",,,,,COMPLETE
76,76,0.11965907365083694,2023-04-05 10:44:03.481741,2023-04-05 10:44:13.567082,0 days 00:00:10.085341,4,49,0.0003207183256191716,0.024173400558116318,,,,,0.0045491872742900894,2,Adam,"[48, 49]",0.0003207183256191716,0.024173400558116318,,,,,"[386, 193]","[49, 48]","[48, 386]",,,,,0.0003207183256191716,0.024173400558116318,,,,,"[386, 48]","[193, 386]",,,,,COMPLETE
77,77,0.5362234711647034,2023-04-05 10:44:13.568066,2023-04-05 10:44:13.817251,0 days 00:00:00.249185,1,39,0.0005097383203133306,0.0523556511951563,,,,,0.007084124927434088,2,Adam,"[48, 39]",0.0005097383203133306,0.0523556511951563,,,,,"[386, 193]","[39, 48]","[48, 386]",,,,,0.0005097383203133306,0.0523556511951563,,,,,"[386, 48]","[193, 386]",,,,,PRUNED
78,78,0.14033187925815582,2023-04-05 10:44:13.818034,2023-04-05 10:44:23.559575,0 days 00:00:09.741541,4,49,0.014760637630759278,0.018685280996548523,,,,,0.010494735056055613,2,Adam,"[48, 49]",0.014760637630759278,0.018685280996548523,,,,,"[386, 193]","[49, 48]","[48, 386]",,,,,0.014760637630759278,0.018685280996548523,,,,,"[386, 48]","[193, 386]",,,,,COMPLETE
79,79,0.9905981421470642,2023-04-05 10:44:23.560713,2023-04-05 10:44:23.763908,0 days 00:00:00.203195,4,49,0.017152838910633402,0.021619938954787275,,,,,0.013315803452845687,2,SGD,"[48, 49]",0.017152838910633402,0.021619938954787275,,,,,"[386, 193]","[49, 48]","[48, 386]",,,,,0.017152838910633402,0.021619938954787275,,,,,"[386, 48]","[193, 386]",,,,,PRUNED
80,80,0.5899658799171448,2023-04-05 10:44:23.764615,2023-04-05 10:44:23.983028,0 days 00:00:00.218413,0,36,0.09386479683764923,0.07506910838972854,,,,,0.004365191036082207,2,Adam,"[48, 36]",0.09386479683764923,0.07506910838972854,,,,,"[386, 193]","[36, 48]","[48, 386]",,,,,0.09386479683764923,0.07506910838972854,,,,,"[386, 48]","[193, 386]",,,,,PRUNED
81,81,0.1610637605190277,2023-04-05 10:44:23.983734,2023-04-05 10:44:33.740677,0 days 00:00:09.756943,4,44,0.019689921675309245,0.057888098252543076,,,,,0.009824463505262995,2,Adam,"[48, 44]",0.019689921675309245,0.057888098252543076,,,,,"[386, 193]","[44, 48]","[48, 386]",,,,,0.019689921675309245,0.057888098252543076,,,,,"[386, 48]","[193, 386]",,,,,COMPLETE
82,82,0.16720709204673767,2023-04-05 10:44:33.741590,2023-04-05 10:44:43.528287,0 days 00:00:09.786697,4,57,0.01450295864439025,0.018732550202232974,,,,,0.0074529063897926335,2,Adam,"[48, 57]",0.01450295864439025,0.018732550202232974,,,,,"[386, 193]","[57, 48]","[48, 386]",,,,,0.01450295864439025,0.018732550202232974,,,,,"[386, 48]","[193, 386]",,,,,COMPLETE
83,83,0.7116342186927795,2023-04-05 10:44:43.529225,2023-04-05 10:44:43.749710,0 days 00:00:00.220485,4,53,0.049887935306097725,0.043619615867562016,,,,,0.017598167257659128,2,Adam,"[48, 53]",0.049887935306097725,0.043619615867562016,,,,,"[386, 193]","[53, 48]","[48, 386]",,,,,0.049887935306097725,0.043619615867562016,,,,,"[386, 48]","[193, 386]",,,,,PRUNED
84,84,0.5168112516403198,2023-04-05 10:44:43.750392,2023-04-05 10:44:43.995226,0 days 00:00:00.244834,4,50,0.0005665035597283241,0.01802328081749327,,,,,0.012201064353578452,2,Adam,"[48, 50]",0.0005665035597283241,0.01802328081749327,,,,,"[386, 193]","[50, 48]","[48, 386]",,,,,0.0005665035597283241,0.01802328081749327,,,,,"[386, 48]","[193, 386]",,,,,PRUNED
85,85,0.21901756525039673,2023-04-05 10:44:43.999352,2023-04-05 10:44:53.741366,0 days 00:00:09.742014,2,42,0.06308846856824182,0.032204656315146435,,,,,0.009007995331111613,2,Adam,"[48, 42]",0.06308846856824182,0.032204656315146435,,,,,"[386, 193]","[42, 48]","[48, 386]",,,,,0.06308846856824182,0.032204656315146435,,,,,"[386, 48]","[193, 386]",,,,,COMPLETE
86,86,0.521062433719635,2023-04-05 10:44:53.742552,2023-04-05 10:44:53.952680,0 days 00:00:00.210128,4,59,0.03847680018755443,0.09762475030098357,,,,,0.003992955601322479,2,Adagrad,"[48, 59]",0.03847680018755443,0.09762475030098357,,,,,"[386, 193]","[59, 48]","[48, 386]",,,,,0.03847680018755443,0.09762475030098357,,,,,"[386, 48]","[193, 386]",,,,,PRUNED
87,87,0.16373899579048157,2023-04-05 10:44:53.953411,2023-04-05 10:45:03.737286,0 days 00:00:09.783875,4,56,0.02654517202231568,0.057387093254862506,,,,,0.006585464318870729,2,Adam,"[48, 56]",0.02654517202231568,0.057387093254862506,,,,,"[386, 193]","[56, 48]","[48, 386]",,,,,0.02654517202231568,0.057387093254862506,,,,,"[386, 48]","[193, 386]",,,,,COMPLETE
88,88,0.8863488435745239,2023-04-05 10:45:03.738464,2023-04-05 10:45:03.951772,0 days 00:00:00.213308,4,45,0.04752870533055188,0.03533057277898367,,,,,0.004380697457843749,2,RMSprop,"[48, 45]",0.04752870533055188,0.03533057277898367,,,,,"[386, 193]","[45, 48]","[48, 386]",,,,,0.04752870533055188,0.03533057277898367,,,,,"[386, 48]","[193, 386]",,,,,PRUNED
89,89,0.5429508090019226,2023-04-05 10:45:03.952459,2023-04-05 10:45:04.170659,0 days 00:00:00.218200,5,41,0.06707157204337123,0.014346625337208766,,,,,0.005245754424627232,2,Adam,"[48, 41]",0.06707157204337123,0.014346625337208766,,,,,"[386, 193]","[41, 48]","[48, 386]",,,,,0.06707157204337123,0.014346625337208766,,,,,"[386, 48]","[193, 386]",,,,,PRUNED
90,90,4925272.0,2023-04-05 10:45:04.171310,2023-04-05 10:45:13.822463,0 days 00:00:09.651153,4,54,0.015424494225291433,0.04748746878393933,0.07054245401280002,0.022293252257206908,0.09004816662799081,0.4996406139149623,0.009818512033309293,6,Adam,"[48, 54]",0.015424494225291433,0.04748746878393933,0.07054245401280002,0.022293252257206908,0.09004816662799081,0.4996406139149623,"[10422, 193]","[54, 48]","[48, 386]","[386, 1302]","[1302, 3088]","[3088, 6031]","[6031, 10422]",0.015424494225291433,0.04748746878393933,0.07054245401280002,0.022293252257206908,0.09004816662799081,0.4996406139149623,"[386, 48]","[1302, 386]","[3088, 1302]","[6031, 3088]","[10422, 6031]","[193, 10422]",PRUNED
91,91,0.1737852543592453,2023-04-05 10:45:13.823290,2023-04-05 10:45:23.647007,0 days 00:00:09.823717,4,49,0.016608036177321255,0.06130522071795847,,,,,0.00997582345405327,2,Adam,"[48, 49]",0.016608036177321255,0.06130522071795847,,,,,"[386, 193]","[49, 48]","[48, 386]",,,,,0.016608036177321255,0.06130522071795847,,,,,"[386, 48]","[193, 386]",,,,,COMPLETE
92,92,0.18575091660022736,2023-04-05 10:45:23.648101,2023-04-05 10:45:33.382937,0 days 00:00:09.734836,4,44,0.03194498330028628,0.07531837225564131,,,,,0.007320043354307491,2,Adam,"[48, 44]",0.03194498330028628,0.07531837225564131,,,,,"[386, 193]","[44, 48]","[48, 386]",,,,,0.03194498330028628,0.07531837225564131,,,,,"[386, 48]","[193, 386]",,,,,COMPLETE
93,93,0.563843846321106,2023-04-05 10:45:33.383879,2023-04-05 10:45:33.602994,0 days 00:00:00.219115,4,45,0.01455104035098699,0.05958378595659034,,,,,0.014750480814582925,2,Adam,"[48, 45]",0.01455104035098699,0.05958378595659034,,,,,"[386, 193]","[45, 48]","[48, 386]",,,,,0.01455104035098699,0.05958378595659034,,,,,"[386, 48]","[193, 386]",,,,,PRUNED
94,94,0.7136926054954529,2023-04-05 10:45:33.603965,2023-04-05 10:45:33.824628,0 days 00:00:00.220663,4,60,0.04526483961234816,0.02848930807168426,,,,,0.02109286340568783,2,Adam,"[48, 60]",0.04526483961234816,0.02848930807168426,,,,,"[386, 193]","[60, 48]","[48, 386]",,,,,0.04526483961234816,0.02848930807168426,,,,,"[386, 48]","[193, 386]",,,,,PRUNED
95,95,0.5213314890861511,2023-04-05 10:45:33.826559,2023-04-05 10:45:34.045788,0 days 00:00:00.219229,1,36,0.02453987714989024,0.04425519569475117,,,,,0.00997238421369435,2,Adam,"[48, 36]",0.02453987714989024,0.04425519569475117,,,,,"[386, 193]","[36, 48]","[48, 386]",,,,,0.02453987714989024,0.04425519569475117,,,,,"[386, 48]","[193, 386]",,,,,PRUNED
96,96,0.15319174528121948,2023-04-05 10:45:34.046466,2023-04-05 10:45:43.829475,0 days 00:00:09.783009,4,52,0.01134983826091084,0.08268505005164511,,,,,0.0036902781302190282,2,Adam,"[48, 52]",0.01134983826091084,0.08268505005164511,,,,,"[386, 193]","[52, 48]","[48, 386]",,,,,0.01134983826091084,0.08268505005164511,,,,,"[386, 48]","[193, 386]",,,,,COMPLETE
97,97,0.12706561386585236,2023-04-05 10:45:43.831363,2023-04-05 10:45:53.564633,0 days 00:00:09.733270,4,52,0.000695109408269688,0.08330517246602903,,,,,0.002993551644521735,2,Adam,"[48, 52]",0.000695109408269688,0.08330517246602903,,,,,"[386, 193]","[52, 48]","[48, 386]",,,,,0.000695109408269688,0.08330517246602903,,,,,"[386, 48]","[193, 386]",,,,,COMPLETE
98,98,0.4223753809928894,2023-04-05 10:45:53.565640,2023-04-05 10:45:53.977688,0 days 00:00:00.412048,4,63,0.0012415034063883604,0.10967579872842087,,,,,0.002789341654028374,2,Adam,"[48, 63]",0.0012415034063883604,0.10967579872842087,,,,,"[386, 193]","[63, 48]","[48, 386]",,,,,0.0012415034063883604,0.10967579872842087,,,,,"[386, 48]","[193, 386]",,,,,PRUNED
99,99,1.0347564220428467,2023-04-05 10:45:53.978414,2023-04-05 10:45:54.214775,0 days 00:00:00.236361,4,51,0.03724606429649838,0.08802888881119353,,,,,0.003995246893993977,2,SGD,"[48, 51]",0.03724606429649838,0.08802888881119353,,,,,"[386, 193]","[51, 48]","[48, 386]",,,,,0.03724606429649838,0.08802888881119353,,,,,"[386, 48]","[193, 386]",,,,,PRUNED
100,100,0.1539742350578308,2023-04-05 10:45:54.215520,2023-04-05 10:46:05.124375,0 days 00:00:10.908855,4,48,0.010208030486342385,0.08182497696338956,0.21814182921517608,,,,0.002257331231986338,3,Adam,"[48, 48]",0.010208030486342385,0.08182497696338956,0.21814182921517608,,,,"[1302, 193]","[48, 48]","[48, 386]","[386, 1302]",,,,0.010208030486342385,0.08182497696338956,0.21814182921517608,,,,"[386, 48]","[1302, 386]","[193, 1302]",,,,COMPLETE
101,101,0.39347636699676514,2023-04-05 10:46:05.125332,2023-04-05 10:46:15.990294,0 days 00:00:10.864962,4,47,0.004598208135135938,0.07954895182447642,0.21235748249665226,,,,0.002356850250197558,3,Adam,"[48, 47]",0.004598208135135938,0.07954895182447642,0.21235748249665226,,,,"[1302, 193]","[47, 48]","[48, 386]","[386, 1302]",,,,0.004598208135135938,0.07954895182447642,0.21235748249665226,,,,"[386, 48]","[1302, 386]","[193, 1302]",,,,COMPLETE
102,102,0.4982396066188812,2023-04-05 10:46:15.991283,2023-04-05 10:46:16.402168,0 days 00:00:00.410885,4,49,0.007796830869984747,0.10092466817718923,,,,,0.00329999808362447,2,Adam,"[48, 49]",0.007796830869984747,0.10092466817718923,,,,,"[386, 193]","[49, 48]","[48, 386]",,,,,0.007796830869984747,0.10092466817718923,,,,,"[386, 48]","[193, 386]",,,,,PRUNED
103,103,0.5346470475196838,2023-04-05 10:46:16.402933,2023-04-05 10:46:16.661251,0 days 00:00:00.258318,4,52,0.032844792577716345,0.11844243910763215,0.14948712296394787,,,,0.004946276231907598,3,Adam,"[48, 52]",0.032844792577716345,0.11844243910763215,0.14948712296394787,,,,"[1302, 193]","[52, 48]","[48, 386]","[386, 1302]",,,,0.032844792577716345,0.11844243910763215,0.14948712296394787,,,,"[386, 48]","[1302, 386]","[193, 1302]",,,,PRUNED
104,104,0.6006678938865662,2023-04-05 10:46:16.662186,2023-04-05 10:46:16.887520,0 days 00:00:00.225334,4,57,0.010297344356984482,0.013378098081623175,,,,,0.0029694973424503456,2,Adam,"[48, 57]",0.010297344356984482,0.013378098081623175,,,,,"[386, 193]","[57, 48]","[48, 386]",,,,,0.010297344356984482,0.013378098081623175,,,,,"[386, 48]","[193, 386]",,,,,PRUNED
105,105,0.38891100883483887,2023-04-05 10:46:16.888190,2023-04-05 10:46:17.698447,0 days 00:00:00.810257,2,46,0.051493259856016584,0.06898363828214636,,,,,0.0021003780771395282,2,Adam,"[48, 46]",0.051493259856016584,0.06898363828214636,,,,,"[386, 193]","[46, 48]","[48, 386]",,,,,0.051493259856016584,0.06898363828214636,,,,,"[386, 48]","[193, 386]",,,,,PRUNED
106,106,0.5426000356674194,2023-04-05 10:46:17.699172,2023-04-05 10:46:17.910573,0 days 00:00:00.211401,4,41,0.02941705464758578,0.09020590557779128,,,,,0.003771278379357902,2,Adagrad,"[48, 41]",0.02941705464758578,0.09020590557779128,,,,,"[386, 193]","[41, 48]","[48, 386]",,,,,0.02941705464758578,0.09020590557779128,,,,,"[386, 48]","[193, 386]",,,,,PRUNED
107,107,0.10252446681261063,2023-04-05 10:46:17.911343,2023-04-05 10:46:27.654143,0 days 00:00:09.742800,4,60,0.00010896699069284856,0.029809043235492876,,,,,0.006155995565639657,2,Adam,"[48, 60]",0.00010896699069284856,0.029809043235492876,,,,,"[386, 193]","[60, 48]","[48, 386]",,,,,0.00010896699069284856,0.029809043235492876,,,,,"[386, 48]","[193, 386]",,,,,COMPLETE
108,108,0.712394118309021,2023-04-05 10:46:27.655071,2023-04-05 10:46:27.908068,0 days 00:00:00.252997,0,53,0.01165686201186756,0.027558909397520454,0.28350706581506835,,,,0.005872093607152486,3,Adam,"[48, 53]",0.01165686201186756,0.027558909397520454,0.28350706581506835,,,,"[1302, 193]","[53, 48]","[48, 386]","[386, 1302]",,,,0.01165686201186756,0.027558909397520454,0.28350706581506835,,,,"[386, 48]","[1302, 386]","[193, 1302]",,,,PRUNED
109,109,0.5204482674598694,2023-04-05 10:46:27.908741,2023-04-05 10:46:28.186057,0 days 00:00:00.277316,4,60,0.03977950118575505,0.012375544081973822,,,,,0.001576475850550036,2,RMSprop,"[48, 60]",0.03977950118575505,0.012375544081973822,,,,,"[386, 193]","[60, 48]","[48, 386]",,,,,0.03977950118575505,0.012375544081973822,,,,,"[386, 48]","[193, 386]",,,,,PRUNED
110,110,0.43970561027526855,2023-04-05 10:46:28.186779,2023-04-05 10:46:28.603324,0 days 00:00:00.416545,4,110,0.06236003856294942,0.03380184641588475,,,,,0.0032912377370025916,2,Adam,"[48, 110]",0.06236003856294942,0.03380184641588475,,,,,"[386, 193]","[110, 48]","[48, 386]",,,,,0.06236003856294942,0.03380184641588475,,,,,"[386, 48]","[193, 386]",,,,,PRUNED
111,111,0.13276435434818268,2023-04-05 10:46:28.604244,2023-04-05 10:46:38.352363,0 days 00:00:09.748119,4,55,0.0003901606212185615,0.042949815411435374,,,,,0.004907961617820255,2,Adam,"[48, 55]",0.0003901606212185615,0.042949815411435374,,,,,"[386, 193]","[55, 48]","[48, 386]",,,,,0.0003901606212185615,0.042949815411435374,,,,,"[386, 48]","[193, 386]",,,,,COMPLETE
112,112,0.2845195233821869,2023-04-05 10:46:38.353326,2023-04-05 10:46:48.084133,0 days 00:00:09.730807,4,64,0.024856362066547982,0.05039503684349883,,,,,0.004917593778005267,2,Adam,"[48, 64]",0.024856362066547982,0.05039503684349883,,,,,"[386, 193]","[64, 48]","[48, 386]",,,,,0.024856362066547982,0.05039503684349883,,,,,"[386, 48]","[193, 386]",,,,,COMPLETE
113,113,0.5541175603866577,2023-04-05 10:46:48.085311,2023-04-05 10:46:48.337670,0 days 00:00:00.252359,4,56,0.012155933933653733,0.026094445786438627,,,,,0.0025720830560600205,2,Adam,"[48, 56]",0.012155933933653733,0.026094445786438627,,,,,"[386, 193]","[56, 48]","[48, 386]",,,,,0.012155933933653733,0.026094445786438627,,,,,"[386, 48]","[193, 386]",,,,,PRUNED
114,114,0.10872822254896164,2023-04-05 10:46:48.338402,2023-04-05 10:46:58.079800,0 days 00:00:09.741398,4,55,0.0008306138874308588,0.013124218599335182,,,,,0.006343544065413531,2,Adam,"[48, 55]",0.0008306138874308588,0.013124218599335182,,,,,"[386, 193]","[55, 48]","[48, 386]",,,,,0.0008306138874308588,0.013124218599335182,,,,,"[386, 48]","[193, 386]",,,,,COMPLETE
115,115,0.6587376594543457,2023-04-05 10:46:58.080703,2023-04-05 10:47:07.829684,0 days 00:00:09.748981,4,55,0.04416996411420976,0.011212375617732237,,,,,0.006576090386859113,2,Adam,"[48, 55]",0.04416996411420976,0.011212375617732237,,,,,"[386, 193]","[55, 48]","[48, 386]",,,,,0.04416996411420976,0.011212375617732237,,,,,"[386, 48]","[193, 386]",,,,,COMPLETE
116,116,0.5253849625587463,2023-04-05 10:47:07.830867,2023-04-05 10:47:08.051796,0 days 00:00:00.220929,5,61,2.3552802891934003e-05,0.040510717357165396,,,,,0.007805292196280891,2,Adam,"[48, 61]",2.3552802891934003e-05,0.040510717357165396,,,,,"[386, 193]","[61, 48]","[48, 386]",,,,,2.3552802891934003e-05,0.040510717357165396,,,,,"[386, 48]","[193, 386]",,,,,PRUNED
117,117,0.4692036211490631,2023-04-05 10:47:08.052757,2023-04-05 10:47:08.468134,0 days 00:00:00.415377,4,58,0.023114233307349432,0.017589374107519398,,,,,0.005651603711733599,2,Adam,"[48, 58]",0.023114233307349432,0.017589374107519398,,,,,"[386, 193]","[58, 48]","[48, 386]",,,,,0.023114233307349432,0.017589374107519398,,,,,"[386, 48]","[193, 386]",,,,,PRUNED
118,118,0.5798598527908325,2023-04-05 10:47:08.468876,2023-04-05 10:47:08.690436,0 days 00:00:00.221560,1,53,0.021976195661944333,0.02971881959370768,,,,,0.004434587215081921,2,Adam,"[48, 53]",0.021976195661944333,0.02971881959370768,,,,,"[386, 193]","[53, 48]","[48, 386]",,,,,0.021976195661944333,0.02971881959370768,,,,,"[386, 48]","[193, 386]",,,,,PRUNED
119,119,0.516105592250824,2023-04-05 10:47:08.691092,2023-04-05 10:47:08.912376,0 days 00:00:00.221284,4,52,0.03384497926195825,0.048514902639738,,,,,0.003684302374410278,2,Adam,"[48, 52]",0.03384497926195825,0.048514902639738,,,,,"[386, 193]","[52, 48]","[48, 386]",,,,,0.03384497926195825,0.048514902639738,,,,,"[386, 48]","[193, 386]",,,,,PRUNED
120,120,0.9979416728019714,2023-04-05 10:47:08.913091,2023-04-05 10:47:09.118316,0 days 00:00:00.205225,4,56,0.05255923282107237,0.007034621542067734,,,,,0.00648255353659296,2,SGD,"[48, 56]",0.05255923282107237,0.007034621542067734,,,,,"[386, 193]","[56, 48]","[48, 386]",,,,,0.05255923282107237,0.007034621542067734,,,,,"[386, 48]","[193, 386]",,,,,PRUNED
121,121,0.14080335199832916,2023-04-05 10:47:09.119095,2023-04-05 10:47:18.871715,0 days 00:00:09.752620,4,48,0.009750151708557949,0.06781760838942182,,,,,0.00518224291332528,2,Adam,"[48, 48]",0.009750151708557949,0.06781760838942182,,,,,"[386, 193]","[48, 48]","[48, 386]",,,,,0.009750151708557949,0.06781760838942182,,,,,"[386, 48]","[193, 386]",,,,,COMPLETE
122,122,0.5488982796669006,2023-04-05 10:47:18.872770,2023-04-05 10:47:19.096025,0 days 00:00:00.223255,4,49,0.011847645270341668,0.059272425495619674,,,,,0.004956423456512614,2,Adam,"[48, 49]",0.011847645270341668,0.059272425495619674,,,,,"[386, 193]","[49, 48]","[48, 386]",,,,,0.011847645270341668,0.059272425495619674,,,,,"[386, 48]","[193, 386]",,,,,PRUNED
123,123,0.344679594039917,2023-04-05 10:47:19.096740,2023-04-05 10:47:19.898921,0 days 00:00:00.802181,4,51,0.0009925056854744802,0.037773313799017924,,,,,0.0037933457195620897,2,Adam,"[48, 51]",0.0009925056854744802,0.037773313799017924,,,,,"[386, 193]","[51, 48]","[48, 386]",,,,,0.0009925056854744802,0.037773313799017924,,,,,"[386, 48]","[193, 386]",,,,,PRUNED
124,124,0.13892102241516113,2023-04-05 10:47:19.899742,2023-04-05 10:47:29.693073,0 days 00:00:09.793331,4,46,0.01976656468279207,0.0653225410136307,,,,,0.007941668397171748,2,Adam,"[48, 46]",0.01976656468279207,0.0653225410136307,,,,,"[386, 193]","[46, 48]","[48, 386]",,,,,0.01976656468279207,0.0653225410136307,,,,,"[386, 48]","[193, 386]",,,,,COMPLETE
125,125,0.36077526211738586,2023-04-05 10:47:29.694058,2023-04-05 10:47:39.488199,0 days 00:00:09.794141,4,46,0.021594510217996046,0.07137879827768981,,,,,0.007992211267772794,2,Adam,"[48, 46]",0.021594510217996046,0.07137879827768981,,,,,"[386, 193]","[46, 48]","[48, 386]",,,,,0.021594510217996046,0.07137879827768981,,,,,"[386, 48]","[193, 386]",,,,,COMPLETE
126,126,0.34018391370773315,2023-04-05 10:47:39.489169,2023-04-05 10:47:40.292387,0 days 00:00:00.803218,4,43,0.033238235169685,0.027836837948089242,,,,,0.005929712166974283,2,Adam,"[48, 43]",0.033238235169685,0.027836837948089242,,,,,"[386, 193]","[43, 48]","[48, 386]",,,,,0.033238235169685,0.027836837948089242,,,,,"[386, 48]","[193, 386]",,,,,PRUNED
127,127,0.5407246947288513,2023-04-05 10:47:40.293328,2023-04-05 10:47:40.549691,0 days 00:00:00.256363,4,48,0.01921705780405724,0.049936138912630226,,,,,0.007660114282324118,2,Adam,"[48, 48]",0.01921705780405724,0.049936138912630226,,,,,"[386, 193]","[48, 48]","[48, 386]",,,,,0.01921705780405724,0.049936138912630226,,,,,"[386, 48]","[193, 386]",,,,,PRUNED
128,128,0.31794407963752747,2023-04-05 10:47:40.550391,2023-04-05 10:47:41.542880,0 days 00:00:00.992489,4,58,0.041036437061882515,0.0667317579772189,,,,,0.004892887918842045,2,Adam,"[48, 58]",0.041036437061882515,0.0667317579772189,,,,,"[386, 193]","[58, 48]","[48, 386]",,,,,0.041036437061882515,0.0667317579772189,,,,,"[386, 48]","[193, 386]",,,,,PRUNED
129,129,0.7241314649581909,2023-04-05 10:47:41.543607,2023-04-05 10:47:41.757797,0 days 00:00:00.214190,0,40,0.0008399779352429551,0.022304799039339785,,,,,0.002873923297224403,2,Adagrad,"[48, 40]",0.0008399779352429551,0.022304799039339785,,,,,"[386, 193]","[40, 48]","[48, 386]",,,,,0.0008399779352429551,0.022304799039339785,,,,,"[386, 48]","[193, 386]",,,,,PRUNED
130,130,0.5070851445198059,2023-04-05 10:47:41.758472,2023-04-05 10:47:51.519796,0 days 00:00:09.761324,2,55,0.07011773117333274,0.03917269626449593,,,,,0.006841895208942215,2,Adam,"[48, 55]",0.07011773117333274,0.03917269626449593,,,,,"[386, 193]","[55, 48]","[48, 386]",,,,,0.07011773117333274,0.03917269626449593,,,,,"[386, 48]","[193, 386]",,,,,COMPLETE
131,131,0.3208490312099457,2023-04-05 10:47:51.520802,2023-04-05 10:47:52.321332,0 days 00:00:00.800530,4,50,0.009565081785796407,0.05511936145375783,,,,,0.0055808280435222695,2,Adam,"[48, 50]",0.009565081785796407,0.05511936145375783,,,,,"[386, 193]","[50, 48]","[48, 386]",,,,,0.009565081785796407,0.05511936145375783,,,,,"[386, 48]","[193, 386]",,,,,PRUNED
132,132,0.11566486209630966,2023-04-05 10:47:52.322086,2023-04-05 10:48:02.078028,0 days 00:00:09.755942,4,53,0.014018952151385829,0.00045894779108533734,,,,,0.004341140686403587,2,Adam,"[48, 53]",0.014018952151385829,0.00045894779108533734,,,,,"[386, 193]","[53, 48]","[48, 386]",,,,,0.014018952151385829,0.00045894779108533734,,,,,"[386, 48]","[193, 386]",,,,,COMPLETE
133,133,0.26104262471199036,2023-04-05 10:48:02.079198,2023-04-05 10:48:03.727940,0 days 00:00:01.648742,4,45,0.027806059996241958,0.00487704153671838,,,,,0.004196872024644078,2,Adam,"[48, 45]",0.027806059996241958,0.00487704153671838,,,,,"[386, 193]","[45, 48]","[48, 386]",,,,,0.027806059996241958,0.00487704153671838,,,,,"[386, 48]","[193, 386]",,,,,PRUNED
134,134,0.3833267390727997,2023-04-05 10:48:03.731619,2023-04-05 10:48:04.362520,0 days 00:00:00.630901,4,54,0.020174037136095363,0.016351300230339615,,,,,0.010991554330102633,2,Adam,"[48, 54]",0.020174037136095363,0.016351300230339615,,,,,"[386, 193]","[54, 48]","[48, 386]",,,,,0.020174037136095363,0.016351300230339615,,,,,"[386, 48]","[193, 386]",,,,,PRUNED
135,135,0.3629653751850128,2023-04-05 10:48:04.363242,2023-04-05 10:48:14.139781,0 days 00:00:09.776539,4,37,8.52087957153129e-05,0.00012908485608103745,,,,,0.00680190616788128,2,Adam,"[48, 37]",8.52087957153129e-05,0.00012908485608103745,,,,,"[386, 193]","[37, 48]","[48, 386]",,,,,8.52087957153129e-05,0.00012908485608103745,,,,,"[386, 48]","[193, 386]",,,,,COMPLETE
136,136,0.2763298451900482,2023-04-05 10:48:14.141955,2023-04-05 10:48:15.586307,0 days 00:00:01.444352,4,43,0.013558579600214667,0.03490774706822579,,,,,0.008601120797499617,2,Adam,"[48, 43]",0.013558579600214667,0.03490774706822579,,,,,"[386, 193]","[43, 48]","[48, 386]",,,,,0.013558579600214667,0.03490774706822579,,,,,"[386, 48]","[193, 386]",,,,,PRUNED
137,137,0.8341665267944336,2023-04-05 10:48:15.587080,2023-04-05 10:48:15.803081,0 days 00:00:00.216001,4,47,0.03331441671096916,0.01798469048641435,,,,,0.004881761587202765,2,RMSprop,"[48, 47]",0.03331441671096916,0.01798469048641435,,,,,"[386, 193]","[47, 48]","[48, 386]",,,,,0.03331441671096916,0.01798469048641435,,,,,"[386, 48]","[193, 386]",,,,,PRUNED
138,138,0.300350159406662,2023-04-05 10:48:15.803856,2023-04-05 10:48:17.375995,0 days 00:00:01.572139,4,51,0.04700827278411632,0.045973028242634315,,,,,0.008502735211674368,2,Adam,"[48, 51]",0.04700827278411632,0.045973028242634315,,,,,"[386, 193]","[51, 48]","[48, 386]",,,,,0.04700827278411632,0.045973028242634315,,,,,"[386, 48]","[193, 386]",,,,,PRUNED
139,139,0.5302429795265198,2023-04-05 10:48:17.376745,2023-04-05 10:48:17.600564,0 days 00:00:00.223819,4,32,0.056657207891203785,0.026065760520641204,,,,,0.003082686774782956,2,Adam,"[48, 32]",0.056657207891203785,0.026065760520641204,,,,,"[386, 193]","[32, 48]","[48, 386]",,,,,0.056657207891203785,0.026065760520641204,,,,,"[386, 48]","[193, 386]",,,,,PRUNED
140,140,0.19019277393817902,2023-04-05 10:48:17.601495,2023-04-05 10:48:27.363543,0 days 00:00:09.762048,4,59,0.009393523655847605,0.06380276870417467,,,,,0.006057815543044651,2,Adam,"[48, 59]",0.009393523655847605,0.06380276870417467,,,,,"[386, 193]","[59, 48]","[48, 386]",,,,,0.009393523655847605,0.06380276870417467,,,,,"[386, 48]","[193, 386]",,,,,COMPLETE
141,141,0.5315320491790771,2023-04-05 10:48:27.364454,2023-04-05 10:48:27.586743,0 days 00:00:00.222289,4,53,0.010648686964045573,0.08019163203876652,,,,,0.0036310847254064373,2,Adam,"[48, 53]",0.010648686964045573,0.08019163203876652,,,,,"[386, 193]","[53, 48]","[48, 386]",,,,,0.010648686964045573,0.08019163203876652,,,,,"[386, 48]","[193, 386]",,,,,PRUNED
142,142,0.4055235981941223,2023-04-05 10:48:27.588900,2023-04-05 10:48:28.004635,0 days 00:00:00.415735,4,50,0.022378036308091008,0.04223130203036353,,,,,0.004356534491840364,2,Adam,"[48, 50]",0.022378036308091008,0.04223130203036353,,,,,"[386, 193]","[50, 48]","[48, 386]",,,,,0.022378036308091008,0.04223130203036353,,,,,"[386, 48]","[193, 386]",,,,,PRUNED
143,143,0.41215044260025024,2023-04-05 10:48:28.005393,2023-04-05 10:48:28.420095,0 days 00:00:00.414702,4,55,0.016184625332119326,0.09120621888294395,,,,,0.0034799737256772404,2,Adam,"[48, 55]",0.016184625332119326,0.09120621888294395,,,,,"[386, 193]","[55, 48]","[48, 386]",,,,,0.016184625332119326,0.09120621888294395,,,,,"[386, 48]","[193, 386]",,,,,PRUNED
144,144,0.31128671765327454,2023-04-05 10:48:28.420917,2023-04-05 10:48:29.637915,0 days 00:00:01.216998,4,53,0.02855630299577912,0.010932622701539198,,,,,0.005325776457138392,2,Adam,"[48, 53]",0.02855630299577912,0.010932622701539198,,,,,"[386, 193]","[53, 48]","[48, 386]",,,,,0.02855630299577912,0.010932622701539198,,,,,"[386, 48]","[193, 386]",,,,,PRUNED
145,145,0.6139876842498779,2023-04-05 10:48:29.638868,2023-04-05 10:48:29.862444,0 days 00:00:00.223576,5,48,6.424696832091977e-05,0.10486536284799752,,,,,0.0026829481743645316,2,Adam,"[48, 48]",6.424696832091977e-05,0.10486536284799752,,,,,"[386, 193]","[48, 48]","[48, 386]",,,,,6.424696832091977e-05,0.10486536284799752,,,,,"[386, 48]","[193, 386]",,,,,PRUNED
146,146,0.35730215907096863,2023-04-05 10:48:29.863179,2023-04-05 10:48:30.665111,0 days 00:00:00.801932,4,57,0.010419707303232686,0.05491128552810266,,,,,0.00415911248639831,2,Adam,"[48, 57]",0.010419707303232686,0.05491128552810266,,,,,"[386, 193]","[57, 48]","[48, 386]",,,,,0.010419707303232686,0.05491128552810266,,,,,"[386, 48]","[193, 386]",,,,,PRUNED
147,147,0.5235675573348999,2023-04-05 10:48:30.665874,2023-04-05 10:48:30.928298,0 days 00:00:00.262424,4,51,0.0365600430387973,0.0705559577503456,,,,,0.012350954145762047,2,Adam,"[48, 51]",0.0365600430387973,0.0705559577503456,,,,,"[386, 193]","[51, 48]","[48, 386]",,,,,0.0365600430387973,0.0705559577503456,,,,,"[386, 48]","[193, 386]",,,,,PRUNED
148,148,0.5665271878242493,2023-04-05 10:48:30.929028,2023-04-05 10:48:31.151621,0 days 00:00:00.222593,1,45,0.01970438197252221,0.032771093832759356,,,,,0.006776610565129212,2,Adam,"[48, 45]",0.01970438197252221,0.032771093832759356,,,,,"[386, 193]","[45, 48]","[48, 386]",,,,,0.01970438197252221,0.032771093832759356,,,,,"[386, 48]","[193, 386]",,,,,PRUNED
149,149,0.6068332195281982,2023-04-05 10:48:31.152333,2023-04-05 10:48:31.378649,0 days 00:00:00.226316,4,49,0.045354086122231525,0.07618682626895854,,,,,0.0020481177158046264,2,Adam,"[48, 49]",0.045354086122231525,0.07618682626895854,,,,,"[386, 193]","[49, 48]","[48, 386]",,,,,0.045354086122231525,0.07618682626895854,,,,,"[386, 48]","[193, 386]",,,,,PRUNED
150,150,1.059753179550171,2023-04-05 10:48:31.379367,2023-04-05 10:48:31.587618,0 days 00:00:00.208251,4,52,9.810473016569853e-05,0.12396077070370493,,,,,0.0031686818124120205,2,SGD,"[48, 52]",9.810473016569853e-05,0.12396077070370493,,,,,"[386, 193]","[52, 48]","[48, 386]",,,,,9.810473016569853e-05,0.12396077070370493,,,,,"[386, 48]","[193, 386]",,,,,PRUNED
151,151,0.5634058117866516,2023-04-05 10:48:31.588354,2023-04-05 10:48:31.814571,0 days 00:00:00.226217,4,48,0.010549066577734445,0.08334088905778601,,,,,0.002285377653788545,2,Adam,"[48, 48]",0.010549066577734445,0.08334088905778601,,,,,"[386, 193]","[48, 48]","[48, 386]",,,,,0.010549066577734445,0.08334088905778601,,,,,"[386, 48]","[193, 386]",,,,,PRUNED
152,152,0.5133533477783203,2023-04-05 10:48:31.815265,2023-04-05 10:48:32.105348,0 days 00:00:00.290083,4,47,0.009436577720774317,0.09867431099973015,0.005828173370166001,,,,0.0046302582169366335,3,Adam,"[48, 47]",0.009436577720774317,0.09867431099973015,0.005828173370166001,,,,"[1302, 193]","[47, 48]","[48, 386]","[386, 1302]",,,,0.009436577720774317,0.09867431099973015,0.005828173370166001,,,,"[386, 48]","[1302, 386]","[193, 1302]",,,,PRUNED
153,153,0.16346287727355957,2023-04-05 10:48:32.106101,2023-04-05 10:48:41.865458,0 days 00:00:09.759357,4,55,0.028182560868911667,0.11113028359669262,,,,,0.00542505571085845,2,Adam,"[48, 55]",0.028182560868911667,0.11113028359669262,,,,,"[386, 193]","[55, 48]","[48, 386]",,,,,0.028182560868911667,0.11113028359669262,,,,,"[386, 48]","[193, 386]",,,,,COMPLETE
154,154,0.5286001563072205,2023-04-05 10:48:41.866411,2023-04-05 10:48:42.090357,0 days 00:00:00.223946,4,53,0.016968609160676468,0.058078348972445126,,,,,0.0024048969903159812,2,Adam,"[48, 53]",0.016968609160676468,0.058078348972445126,,,,,"[386, 193]","[53, 48]","[48, 386]",,,,,0.016968609160676468,0.058078348972445126,,,,,"[386, 48]","[193, 386]",,,,,PRUNED
155,155,0.40255868434906006,2023-04-05 10:48:42.091090,2023-04-05 10:48:42.539837,0 days 00:00:00.448747,4,50,0.02541853886571794,0.0230637139141513,,,,,0.004065051446219015,2,Adam,"[48, 50]",0.02541853886571794,0.0230637139141513,,,,,"[386, 193]","[50, 48]","[48, 386]",,,,,0.02541853886571794,0.0230637139141513,,,,,"[386, 48]","[193, 386]",,,,,PRUNED
156,156,0.5745819807052612,2023-04-05 10:48:42.540736,2023-04-05 10:48:42.765978,0 days 00:00:00.225242,4,42,0.03901001616384969,0.0892171109476686,,,,,0.0016322329195173687,2,Adam,"[48, 42]",0.03901001616384969,0.0892171109476686,,,,,"[386, 193]","[42, 48]","[48, 386]",,,,,0.03901001616384969,0.0892171109476686,,,,,"[386, 48]","[193, 386]",,,,,PRUNED
157,157,0.5714300274848938,2023-04-05 10:48:42.766704,2023-04-05 10:48:42.990472,0 days 00:00:00.223768,3,57,0.010490807735696921,0.046433458622753325,,,,,0.0034745631946970917,2,Adam,"[48, 57]",0.010490807735696921,0.046433458622753325,,,,,"[386, 193]","[57, 48]","[48, 386]",,,,,0.010490807735696921,0.046433458622753325,,,,,"[386, 48]","[193, 386]",,,,,PRUNED
158,158,0.4618634581565857,2023-04-05 10:48:42.991406,2023-04-05 10:48:43.387486,0 days 00:00:00.396080,4,46,0.0008128309239799625,0.009408009066425731,,,,,0.007837438313151661,2,Adagrad,"[48, 46]",0.0008128309239799625,0.009408009066425731,,,,,"[386, 193]","[46, 48]","[48, 386]",,,,,0.0008128309239799625,0.009408009066425731,,,,,"[386, 48]","[193, 386]",,,,,PRUNED
159,159,0.5255961418151855,2023-04-05 10:48:43.389635,2023-04-05 10:48:43.613993,0 days 00:00:00.224358,4,44,0.01893899804212405,0.1346947358865549,,,,,0.005847273728428287,2,Adam,"[48, 44]",0.01893899804212405,0.1346947358865549,,,,,"[386, 193]","[44, 48]","[48, 386]",,,,,0.01893899804212405,0.1346947358865549,,,,,"[386, 48]","[193, 386]",,,,,PRUNED
160,160,0.6667943000793457,2023-04-05 10:48:43.614696,2023-04-05 10:48:43.838746,0 days 00:00:00.224050,0,60,0.10477879588482221,0.03445906127977485,,,,,0.002754640111802853,2,Adam,"[48, 60]",0.10477879588482221,0.03445906127977485,,,,,"[386, 193]","[60, 48]","[48, 386]",,,,,0.10477879588482221,0.03445906127977485,,,,,"[386, 48]","[193, 386]",,,,,PRUNED
161,161,0.2914585471153259,2023-04-05 10:48:43.839480,2023-04-05 10:48:53.581918,0 days 00:00:09.742438,4,50,0.008495589221769252,0.06312254710747169,,,,,0.00863487536925496,2,Adam,"[48, 50]",0.008495589221769252,0.06312254710747169,,,,,"[386, 193]","[50, 48]","[48, 386]",,,,,0.008495589221769252,0.06312254710747169,,,,,"[386, 48]","[193, 386]",,,,,COMPLETE
162,162,0.1749892383813858,2023-04-05 10:48:53.582882,2023-04-05 10:49:03.322449,0 days 00:00:09.739567,4,52,0.0002451015992934098,0.07692525225879092,,,,,0.009589418810620972,2,Adam,"[48, 52]",0.0002451015992934098,0.07692525225879092,,,,,"[386, 193]","[52, 48]","[48, 386]",,,,,0.0002451015992934098,0.07692525225879092,,,,,"[386, 48]","[193, 386]",,,,,COMPLETE
163,163,0.40002521872520447,2023-04-05 10:49:03.323560,2023-04-05 10:49:03.739749,0 days 00:00:00.416189,4,48,0.029094194805853846,0.06813640342298691,,,,,0.01051851335805146,2,Adam,"[48, 48]",0.029094194805853846,0.06813640342298691,,,,,"[386, 193]","[48, 48]","[48, 386]",,,,,0.029094194805853846,0.06813640342298691,,,,,"[386, 48]","[193, 386]",,,,,PRUNED
164,164,0.5498856902122498,2023-04-05 10:49:03.740504,2023-04-05 10:49:03.968305,0 days 00:00:00.227801,4,55,0.01715977178822789,0.047641257540759444,,,,,0.014447290013128045,2,Adam,"[48, 55]",0.01715977178822789,0.047641257540759444,,,,,"[386, 193]","[55, 48]","[48, 386]",,,,,0.01715977178822789,0.047641257540759444,,,,,"[386, 48]","[193, 386]",,,,,PRUNED
165,165,0.11072555929422379,2023-04-05 10:49:03.969186,2023-04-05 10:49:13.718413,0 days 00:00:09.749227,4,50,0.009240822958960775,0.00039258426846227137,,,,,0.00696107498135401,2,Adam,"[48, 50]",0.009240822958960775,0.00039258426846227137,,,,,"[386, 193]","[50, 48]","[48, 386]",,,,,0.009240822958960775,0.00039258426846227137,,,,,"[386, 48]","[193, 386]",,,,,COMPLETE
166,166,0.28626376390457153,2023-04-05 10:49:13.719617,2023-04-05 10:49:23.453575,0 days 00:00:09.733958,2,54,0.03778284318774833,0.014999597636875958,,,,,0.006821115072005416,2,Adam,"[48, 54]",0.03778284318774833,0.014999597636875958,,,,,"[386, 193]","[54, 48]","[48, 386]",,,,,0.03778284318774833,0.014999597636875958,,,,,"[386, 48]","[193, 386]",,,,,COMPLETE
167,167,0.8208184242248535,2023-04-05 10:49:23.454767,2023-04-05 10:49:23.671565,0 days 00:00:00.216798,4,52,0.010959308506384506,0.00015470357966793332,,,,,0.004555862453231544,2,RMSprop,"[48, 52]",0.010959308506384506,0.00015470357966793332,,,,,"[386, 193]","[52, 48]","[48, 386]",,,,,0.010959308506384506,0.00015470357966793332,,,,,"[386, 48]","[193, 386]",,,,,PRUNED
168,168,0.5758219361305237,2023-04-05 10:49:23.672258,2023-04-05 10:49:23.962867,0 days 00:00:00.290609,4,46,0.026866449568833314,0.02448357879175964,,,,,0.005126545501520967,2,Adam,"[48, 46]",0.026866449568833314,0.02448357879175964,,,,,"[386, 193]","[46, 48]","[48, 386]",,,,,0.026866449568833314,0.02448357879175964,,,,,"[386, 48]","[193, 386]",,,,,PRUNED
169,169,0.3583467900753021,2023-04-05 10:49:23.963579,2023-04-05 10:49:24.575933,0 days 00:00:00.612354,4,49,0.1211390741318103,0.03429213639913013,,,,,0.006059015462027714,2,Adam,"[48, 49]",0.1211390741318103,0.03429213639913013,,,,,"[386, 193]","[49, 48]","[48, 386]",,,,,0.1211390741318103,0.03429213639913013,,,,,"[386, 48]","[193, 386]",,,,,PRUNED
170,170,0.5124331116676331,2023-04-05 10:49:24.576631,2023-04-05 10:49:24.800254,0 days 00:00:00.223623,4,57,0.212039507433189,0.010418969395939812,,,,,0.004180089342024873,2,Adam,"[48, 57]",0.212039507433189,0.010418969395939812,,,,,"[386, 193]","[57, 48]","[48, 386]",,,,,0.212039507433189,0.010418969395939812,,,,,"[386, 48]","[193, 386]",,,,,PRUNED
171,171,0.30378440022468567,2023-04-05 10:49:24.801023,2023-04-05 10:49:34.561934,0 days 00:00:09.760911,4,50,0.008433458255431564,0.059612728097395665,,,,,0.007346353354001456,2,Adam,"[48, 50]",0.008433458255431564,0.059612728097395665,,,,,"[386, 193]","[50, 48]","[48, 386]",,,,,0.008433458255431564,0.059612728097395665,,,,,"[386, 48]","[193, 386]",,,,,COMPLETE
172,172,0.517133891582489,2023-04-05 10:49:34.562919,2023-04-05 10:49:34.788609,0 days 00:00:00.225690,4,53,0.02015452174762171,0.01915916303581125,,,,,0.0034662656655716525,2,Adam,"[48, 53]",0.02015452174762171,0.01915916303581125,,,,,"[386, 193]","[53, 48]","[48, 386]",,,,,0.02015452174762171,0.01915916303581125,,,,,"[386, 48]","[193, 386]",,,,,PRUNED
173,173,0.5440749526023865,2023-04-05 10:49:34.789311,2023-04-05 10:49:35.014556,0 days 00:00:00.225245,4,48,0.00012648934952651616,0.24415482768944663,,,,,0.011678738060846483,2,Adam,"[48, 48]",0.00012648934952651616,0.24415482768944663,,,,,"[386, 193]","[48, 48]","[48, 386]",,,,,0.00012648934952651616,0.24415482768944663,,,,,"[386, 48]","[193, 386]",,,,,PRUNED
174,174,0.24305638670921326,2023-04-05 10:49:35.015313,2023-04-05 10:49:44.766687,0 days 00:00:09.751374,4,51,0.011932969427491327,0.04158605000982228,,,,,0.0058332900724449525,2,Adam,"[48, 51]",0.011932969427491327,0.04158605000982228,,,,,"[386, 193]","[51, 48]","[48, 386]",,,,,0.011932969427491327,0.04158605000982228,,,,,"[386, 48]","[193, 386]",,,,,COMPLETE
175,175,0.12222091108560562,2023-04-05 10:49:44.767722,2023-04-05 10:49:54.532500,0 days 00:00:09.764778,4,55,0.021540599273036663,8.27850786149662e-05,,,,,0.008187431213350598,2,Adam,"[48, 55]",0.021540599273036663,8.27850786149662e-05,,,,,"[386, 193]","[55, 48]","[48, 386]",,,,,0.021540599273036663,8.27850786149662e-05,,,,,"[386, 48]","[193, 386]",,,,,COMPLETE
176,176,0.41412755846977234,2023-04-05 10:49:54.533471,2023-04-05 10:49:54.992959,0 days 00:00:00.459488,4,55,0.08944628503655189,0.00018230145719436326,,,,,0.00832346439530493,2,Adam,"[48, 55]",0.08944628503655189,0.00018230145719436326,,,,,"[386, 193]","[55, 48]","[48, 386]",,,,,0.08944628503655189,0.00018230145719436326,,,,,"[386, 48]","[193, 386]",,,,,PRUNED
177,177,0.5445802211761475,2023-04-05 10:49:54.993707,2023-04-05 10:49:55.221153,0 days 00:00:00.227446,4,59,0.03185452605668479,0.011943763181235214,,,,,0.0071655621614608875,2,Adam,"[48, 59]",0.03185452605668479,0.011943763181235214,,,,,"[386, 193]","[59, 48]","[48, 386]",,,,,0.03185452605668479,0.011943763181235214,,,,,"[386, 48]","[193, 386]",,,,,PRUNED
178,178,0.5454108119010925,2023-04-05 10:49:55.221839,2023-04-05 10:49:55.445974,0 days 00:00:00.224135,5,56,0.1440159977687119,0.0003842017854376077,,,,,0.0048238210397148415,2,Adam,"[48, 56]",0.1440159977687119,0.0003842017854376077,,,,,"[386, 193]","[56, 48]","[48, 386]",,,,,0.1440159977687119,0.0003842017854376077,,,,,"[386, 48]","[193, 386]",,,,,PRUNED
179,179,0.5387653112411499,2023-04-05 10:49:55.446838,2023-04-05 10:49:55.671983,0 days 00:00:00.225145,4,62,0.2718132110317464,0.02524774218446606,,,,,0.0037925784422180547,2,Adam,"[48, 62]",0.2718132110317464,0.02524774218446606,,,,,"[386, 193]","[62, 48]","[48, 386]",,,,,0.2718132110317464,0.02524774218446606,,,,,"[386, 48]","[193, 386]",,,,,PRUNED
180,180,1.0535764694213867,2023-04-05 10:49:55.672715,2023-04-05 10:49:55.911138,0 days 00:00:00.238423,1,53,0.02029278761223066,0.19140184460302012,0.2638829889149095,,,,0.003084060937946348,3,SGD,"[48, 53]",0.02029278761223066,0.19140184460302012,0.2638829889149095,,,,"[1302, 193]","[53, 48]","[48, 386]","[386, 1302]",,,,0.02029278761223066,0.19140184460302012,0.2638829889149095,,,,"[386, 48]","[1302, 386]","[193, 1302]",,,,PRUNED
181,181,0.4176185429096222,2023-04-05 10:49:55.912139,2023-04-05 10:49:56.330162,0 days 00:00:00.418023,4,51,0.008106532405490141,0.16063346095548545,,,,,0.010356823123062787,2,Adam,"[48, 51]",0.008106532405490141,0.16063346095548545,,,,,"[386, 193]","[51, 48]","[48, 386]",,,,,0.008106532405490141,0.16063346095548545,,,,,"[386, 48]","[193, 386]",,,,,PRUNED
182,182,0.13527223467826843,2023-04-05 10:49:56.331113,2023-04-05 10:50:06.209033,0 days 00:00:09.877920,4,47,0.00010382514190722045,0.08108618462959408,,,,,0.005393932581523803,2,Adam,"[48, 47]",0.00010382514190722045,0.08108618462959408,,,,,"[386, 193]","[47, 48]","[48, 386]",,,,,0.00010382514190722045,0.08108618462959408,,,,,"[386, 48]","[193, 386]",,,,,COMPLETE
183,183,0.17454096674919128,2023-04-05 10:50:06.210001,2023-04-05 10:50:15.948026,0 days 00:00:09.738025,4,44,0.017635041694206533,0.08349705084527984,,,,,0.005750310028833387,2,Adam,"[48, 44]",0.017635041694206533,0.08349705084527984,,,,,"[386, 193]","[44, 48]","[48, 386]",,,,,0.017635041694206533,0.08349705084527984,,,,,"[386, 48]","[193, 386]",,,,,COMPLETE
184,184,0.553604245185852,2023-04-05 10:50:15.949015,2023-04-05 10:50:16.173508,0 days 00:00:00.224493,4,47,0.2315902358311733,0.09227098170673169,,,,,0.005084185820787577,2,Adam,"[48, 47]",0.2315902358311733,0.09227098170673169,,,,,"[386, 193]","[47, 48]","[48, 386]",,,,,0.2315902358311733,0.09227098170673169,,,,,"[386, 48]","[193, 386]",,,,,PRUNED
185,185,0.5025820732116699,2023-04-05 10:50:16.174188,2023-04-05 10:50:16.401897,0 days 00:00:00.227709,4,41,0.000953992681773837,0.030232722650830053,,,,,0.0068164171616931606,2,Adam,"[48, 41]",0.000953992681773837,0.030232722650830053,,,,,"[386, 193]","[41, 48]","[48, 386]",,,,,0.000953992681773837,0.030232722650830053,,,,,"[386, 48]","[193, 386]",,,,,PRUNED
186,186,0.4150242507457733,2023-04-05 10:50:16.402589,2023-04-05 10:50:16.820559,0 days 00:00:00.417970,4,122,0.19669046101502896,0.01756597138708962,,,,,0.0042768958160488806,2,Adam,"[48, 122]",0.19669046101502896,0.01756597138708962,,,,,"[386, 193]","[122, 48]","[48, 386]",,,,,0.19669046101502896,0.01756597138708962,,,,,"[386, 48]","[193, 386]",,,,,PRUNED
187,187,0.23378553986549377,2023-04-05 10:50:16.821328,2023-04-05 10:50:26.601993,0 days 00:00:09.780665,4,49,0.027837217964878074,0.05499701346206662,,,,,0.008794663048923032,2,Adam,"[48, 49]",0.027837217964878074,0.05499701346206662,,,,,"[386, 193]","[49, 48]","[48, 386]",,,,,0.027837217964878074,0.05499701346206662,,,,,"[386, 48]","[193, 386]",,,,,COMPLETE
188,188,0.34284064173698425,2023-04-05 10:50:26.602937,2023-04-05 10:50:27.212424,0 days 00:00:00.609487,4,45,0.010340764636618698,0.3041374082159089,,,,,0.005992183226776597,2,Adam,"[48, 45]",0.010340764636618698,0.3041374082159089,,,,,"[386, 193]","[45, 48]","[48, 386]",,,,,0.010340764636618698,0.3041374082159089,,,,,"[386, 48]","[193, 386]",,,,,PRUNED
189,189,0.39659518003463745,2023-04-05 10:50:27.213128,2023-04-05 10:50:27.627994,0 days 00:00:00.414866,4,54,0.03906831853884565,0.07648784499928722,,,,,0.003892993345142569,2,Adam,"[48, 54]",0.03906831853884565,0.07648784499928722,,,,,"[386, 193]","[54, 48]","[48, 386]",,,,,0.03906831853884565,0.07648784499928722,,,,,"[386, 48]","[193, 386]",,,,,PRUNED
190,190,0.6066550016403198,2023-04-05 10:50:27.628828,2023-04-05 10:50:27.877920,0 days 00:00:00.249092,4,58,0.05199571479447286,0.03817569485226374,,,,,0.00485901183852385,2,Adagrad,"[48, 58]",0.05199571479447286,0.03817569485226374,,,,,"[386, 193]","[58, 48]","[48, 386]",,,,,0.05199571479447286,0.03817569485226374,,,,,"[386, 48]","[193, 386]",,,,,PRUNED
191,191,0.5236484408378601,2023-04-05 10:50:27.878836,2023-04-05 10:50:28.103207,0 days 00:00:00.224371,4,51,0.0006898553658482732,0.10245771349284617,,,,,0.007757744596586029,2,Adam,"[48, 51]",0.0006898553658482732,0.10245771349284617,,,,,"[386, 193]","[51, 48]","[48, 386]",,,,,0.0006898553658482732,0.10245771349284617,,,,,"[386, 48]","[193, 386]",,,,,PRUNED
192,192,0.5307841300964355,2023-04-05 10:50:28.103943,2023-04-05 10:50:28.329227,0 days 00:00:00.225284,4,49,0.018045151579380934,0.07074182048814426,,,,,0.012460472213180286,2,Adam,"[48, 49]",0.018045151579380934,0.07074182048814426,,,,,"[386, 193]","[49, 48]","[48, 386]",,,,,0.018045151579380934,0.07074182048814426,,,,,"[386, 48]","[193, 386]",,,,,PRUNED
193,193,0.40927672386169434,2023-04-05 10:50:28.330409,2023-04-05 10:50:28.748831,0 days 00:00:00.418422,4,47,0.009580885772449105,0.01063619527538242,,,,,0.010592278170782286,2,Adam,"[48, 47]",0.009580885772449105,0.01063619527538242,,,,,"[386, 193]","[47, 48]","[48, 386]",,,,,0.009580885772449105,0.01063619527538242,,,,,"[386, 48]","[193, 386]",,,,,PRUNED
194,194,0.3989847004413605,2023-04-05 10:50:28.749571,2023-04-05 10:50:29.199979,0 days 00:00:00.450408,4,52,0.024390305575692543,0.050855202975344585,,,,,0.0061593186735907504,2,Adam,"[48, 52]",0.024390305575692543,0.050855202975344585,,,,,"[386, 193]","[52, 48]","[48, 386]",,,,,0.024390305575692543,0.050855202975344585,,,,,"[386, 48]","[193, 386]",,,,,PRUNED
195,195,0.6489469408988953,2023-04-05 10:50:29.200723,2023-04-05 10:50:29.428340,0 days 00:00:00.227617,3,54,0.0006346468150098782,0.0849412006653405,,,,,0.0026742229184343364,2,Adam,"[48, 54]",0.0006346468150098782,0.0849412006653405,,,,,"[386, 193]","[54, 48]","[48, 386]",,,,,0.0006346468150098782,0.0849412006653405,,,,,"[386, 48]","[193, 386]",,,,,PRUNED
196,196,0.5782619118690491,2023-04-05 10:50:29.429081,2023-04-05 10:50:29.654309,0 days 00:00:00.225228,4,50,0.30284491702162103,0.06714930257840619,,,,,0.015165636944593048,2,Adam,"[48, 50]",0.30284491702162103,0.06714930257840619,,,,,"[386, 193]","[50, 48]","[48, 386]",,,,,0.30284491702162103,0.06714930257840619,,,,,"[386, 48]","[193, 386]",,,,,PRUNED
197,197,0.6533810496330261,2023-04-05 10:50:29.655262,2023-04-05 10:50:29.880170,0 days 00:00:00.224908,4,56,0.2531070777037592,0.02870044545720058,,,,,0.0013572723680280307,2,Adam,"[48, 56]",0.2531070777037592,0.02870044545720058,,,,,"[386, 193]","[56, 48]","[48, 386]",,,,,0.2531070777037592,0.02870044545720058,,,,,"[386, 48]","[193, 386]",,,,,PRUNED
198,198,0.41965585947036743,2023-04-05 10:50:29.881176,2023-04-05 10:50:39.643840,0 days 00:00:09.762664,4,46,0.01790353826790781,0.042170051659884265,,,,,0.009057029331867392,2,Adam,"[48, 46]",0.01790353826790781,0.042170051659884265,,,,,"[386, 193]","[46, 48]","[48, 386]",,,,,0.01790353826790781,0.042170051659884265,,,,,"[386, 48]","[193, 386]",,,,,COMPLETE
199,199,0.8328021168708801,2023-04-05 10:50:39.644834,2023-04-05 10:50:39.865091,0 days 00:00:00.220257,4,52,0.00011435375327073743,0.379029033702156,,,,,0.005171824704980858,2,RMSprop,"[48, 52]",0.00011435375327073743,0.379029033702156,,,,,"[386, 193]","[52, 48]","[48, 386]",,,,,0.00011435375327073743,0.379029033702156,,,,,"[386, 48]","[193, 386]",,,,,PRUNED
